item,Type,WordPosition,tee,surp,sent_len
1,MVRR_AMB,1,,0.0,12
1,MVRR_AMB,2,,14.173537412496303,12
1,MVRR_AMB,3,,12.483732195402828,12
1,MVRR_AMB,4,,2.570902606410195,12
1,MVRR_AMB,5,88.85641064766546,10.285825562183893,12
1,MVRR_AMB,6,105.9911488098694,22.45379073129657,12
1,MVRR_AMB,7,108.72773483196626,11.849361117013894,12
1,MVRR_AMB,8,107.19747574381826,0.8801974900960808,12
1,MVRR_AMB,9,109.48212529242045,12.246142978750083,12
1,MVRR_AMB,10,83.5924324069792,1.2862369199542387,12
1,MVRR_AMB,11,83.19115519511053,9.8927303205516,12
1,MVRR_AMB,12,92.04622931324704,5.822561903956184,12
1,MVRR_UAMB,1,,0.0,14
1,MVRR_UAMB,2,,14.173553922830786,14
1,MVRR_UAMB,3,,7.003744425509432,14
1,MVRR_UAMB,4,,2.126735912725634,14
1,MVRR_UAMB,5,85.24031251071209,10.152038882216507,14
1,MVRR_UAMB,6,83.60759165996855,7.287391971924445,14
1,MVRR_UAMB,7,82.45576435413821,10.538128238583255,14
1,MVRR_UAMB,8,107.82628792480715,15.687330081251952,14
1,MVRR_UAMB,9,111.82598935736851,10.513759672817201,14
1,MVRR_UAMB,10,107.3578164904438,1.8171382480872333,14
1,MVRR_UAMB,11,111.09564088135087,11.285720311549401,14
1,MVRR_UAMB,12,83.63038454779829,1.2904546224839983,14
1,MVRR_UAMB,13,83.76796338863394,9.595723849748167,14
1,MVRR_UAMB,14,92.58452129907619,6.243310923951313,14
1,NPS_AMB,1,,0.0,12
1,NPS_AMB,2,,14.173537412496303,12
1,NPS_AMB,3,,11.920894892883167,12
1,NPS_AMB,4,,4.601181877416772,12
1,NPS_AMB,5,93.50915997478984,12.149014056848802,12
1,NPS_AMB,6,107.4330729771026,22.747977374556456,12
1,NPS_AMB,7,110.88574420644672,8.313688809919809,12
1,NPS_AMB,8,105.62842108521981,0.5981128360207836,12
1,NPS_AMB,9,102.57050910579903,10.45579257637859,12
1,NPS_AMB,10,72.62379758388283,1.9839643431292224,12
1,NPS_AMB,11,100.46904361586137,8.341903595689757,12
1,NPS_AMB,12,97.81516390182531,3.3058264373137867,12
1,NPS_UAMB,1,,0.0,13
1,NPS_UAMB,2,,14.173553922830786,13
1,NPS_UAMB,3,,11.920874254965064,13
1,NPS_UAMB,4,,7.421473774120712,13
1,NPS_UAMB,5,73.2699392703412,3.094822298831414,13
1,NPS_UAMB,6,85.2914926356022,12.302846346670155,13
1,NPS_UAMB,7,106.17387681383303,17.065722872775122,13
1,NPS_UAMB,8,111.86760023079128,7.359795292076481,13
1,NPS_UAMB,9,106.08877974696847,0.590127595549898,13
1,NPS_UAMB,10,102.36812211282113,10.51561708544652,13
1,NPS_UAMB,11,72.30580844571368,1.9453045350244225,13
1,NPS_UAMB,12,100.88175220278285,8.699447959596897,13
1,NPS_UAMB,13,98.20785658573651,3.1817760391770467,13
1,NPZ_AMB,1,,0.0,13
1,NPZ_AMB,2,,3.6404293474917346,13
1,NPZ_AMB,3,,12.35156146442295,13
1,NPZ_AMB,4,,11.63300281464486,13
1,NPZ_AMB,5,82.69163666873553,3.022768791391233,13
1,NPZ_AMB,6,97.87589907852183,10.57991451929809,13
1,NPZ_AMB,7,107.54861698717632,24.493675577319138,13
1,NPZ_AMB,8,112.40228726247098,8.4887974174447,13
1,NPZ_AMB,9,106.6063345889657,0.5650959076777806,13
1,NPZ_AMB,10,103.64482878191309,11.568846406566998,13
1,NPZ_AMB,11,71.75390685551709,1.3164360415498428,13
1,NPZ_AMB,12,103.28247889761917,12.541574776402216,13
1,NPZ_AMB,13,103.13216737232338,15.475970798595547,13
1,NPZ_UAMB,1,,0.0,13
1,NPZ_UAMB,2,,3.6404293474917346,13
1,NPZ_UAMB,3,,12.35156146442295,13
1,NPZ_UAMB,4,,19.223014083166298,13
1,NPZ_UAMB,5,67.74517219735004,2.427839526220571,13
1,NPZ_UAMB,6,90.35925477314353,11.869348252766565,13
1,NPZ_UAMB,7,104.72612849496612,18.66526884297338,13
1,NPZ_UAMB,8,111.51502755908074,7.235965719663448,13
1,NPZ_UAMB,9,104.577210013104,1.00118195351589,13
1,NPZ_UAMB,10,100.21789360295728,12.27922693733126,13
1,NPZ_UAMB,11,71.10975270279357,1.2153242594285567,13
1,NPZ_UAMB,12,101.86237502623062,11.073744815054955,13
1,NPZ_UAMB,13,102.53814750174392,15.083751636586747,13
2,MVRR_AMB,1,,0.0,12
2,MVRR_AMB,2,,15.91830002963829,12
2,MVRR_AMB,3,,8.810475831410306,12
2,MVRR_AMB,4,,12.791647181785187,12
2,MVRR_AMB,5,85.7207203202273,2.914924318445295,12
2,MVRR_AMB,6,93.38158132443758,6.275605654147681,12
2,MVRR_AMB,7,101.40608990124878,18.434018218900835,12
2,MVRR_AMB,8,89.10718833394999,16.315350184309825,12
2,MVRR_AMB,9,97.13340033149917,2.474501859052668,12
2,MVRR_AMB,10,87.32380794747768,2.331153459645263,12
2,MVRR_AMB,11,94.88045172613253,15.567562739052299,12
2,MVRR_AMB,12,95.93749258344329,11.32786620798719,12
2,MVRR_UAMB,1,,0.0,14
2,MVRR_UAMB,2,,15.91830002963829,14
2,MVRR_UAMB,3,,8.81043868315772,14
2,MVRR_UAMB,4,,3.877665999710212,14
2,MVRR_UAMB,5,76.2739870281777,4.165953982010805,14
2,MVRR_UAMB,6,89.78472042840679,10.032101621157802,14
2,MVRR_UAMB,7,90.99819520899673,1.8571111437313708,14
2,MVRR_UAMB,8,83.83501964099806,7.604126228643049,14
2,MVRR_UAMB,9,100.37002839878035,10.989286886938643,14
2,MVRR_UAMB,10,89.1389966918337,15.425809134766345,14
2,MVRR_UAMB,11,97.1261393293669,3.388235020162417,14
2,MVRR_UAMB,12,88.03517149842945,2.3581027970701633,14
2,MVRR_UAMB,13,95.04505183787104,15.861771396091495,14
2,MVRR_UAMB,14,95.48653147743237,11.116315680623025,14
2,NPS_AMB,1,,0.0,12
2,NPS_AMB,2,,15.91830002963829,12
2,NPS_AMB,3,,8.810475831410306,12
2,NPS_AMB,4,,12.904423773192569,12
2,NPS_AMB,5,81.99670205798594,3.8687844716543545,12
2,NPS_AMB,6,92.23281444528598,9.356994044154899,12
2,NPS_AMB,7,95.51001223956457,11.935114418456504,12
2,NPS_AMB,8,92.03183550657616,16.863464396054425,12
2,NPS_AMB,9,96.09833944072507,0.918092921309121,12
2,NPS_AMB,10,86.58555523675318,2.2646610112207313,12
2,NPS_AMB,11,95.32845408992537,15.109566060498604,12
2,NPS_AMB,12,95.99803197487557,11.12758037227189,12
2,NPS_UAMB,1,,0.0,13
2,NPS_UAMB,2,,15.91830002963829,13
2,NPS_UAMB,3,,8.81043868315772,13
2,NPS_UAMB,4,,12.90440588699688,13
2,NPS_UAMB,5,80.69057537520331,3.1704747152235497,13
2,NPS_UAMB,6,71.97999554046075,2.9281525360190592,13
2,NPS_UAMB,7,86.65241823097874,9.339645810197066,13
2,NPS_UAMB,8,93.3792174905799,10.580639598154127,13
2,NPS_UAMB,9,92.05343491177415,17.18761592053944,13
2,NPS_UAMB,10,94.39778235668767,0.8366403040253116,13
2,NPS_UAMB,11,86.09213795260186,1.8259926028842541,13
2,NPS_UAMB,12,94.88373436810303,14.711296892797755,13
2,NPS_UAMB,13,95.04926090027192,10.364784173056215,13
2,NPZ_AMB,1,,0.0,13
2,NPZ_AMB,2,,3.344551426843264,13
2,NPZ_AMB,3,,15.327759761717648,13
2,NPZ_AMB,4,,8.61941961663621,13
2,NPZ_AMB,5,91.10006497292446,10.519754300095675,13
2,NPZ_AMB,6,78.34118278346159,2.155802700547957,13
2,NPZ_AMB,7,90.92986031470589,3.231621770876614,13
2,NPZ_AMB,8,100.56243730839229,16.279401682695877,13
2,NPZ_AMB,9,89.90908378271774,15.353247590575515,13
2,NPZ_AMB,10,98.93944550001972,2.715006181637539,13
2,NPZ_AMB,11,88.27708205771005,1.9016147503298382,13
2,NPZ_AMB,12,95.97868622715315,14.732746569013363,13
2,NPZ_AMB,13,95.1232342522985,11.57928386166521,13
2,NPZ_UAMB,1,,0.0,13
2,NPZ_UAMB,2,,3.344551426843264,13
2,NPZ_UAMB,3,,15.327759761717648,13
2,NPZ_UAMB,4,,8.61941961663621,13
2,NPZ_UAMB,5,89.9530240480287,16.16545629719323,13
2,NPZ_UAMB,6,64.56242302403369,2.3860943493592925,13
2,NPZ_UAMB,7,90.67957904069593,8.249392063998842,13
2,NPZ_UAMB,8,92.82719288121338,7.882008916601141,13
2,NPZ_UAMB,9,92.97423008537551,16.015555530770605,13
2,NPZ_UAMB,10,96.67577780681684,1.2960620308240547,13
2,NPZ_UAMB,11,86.8330657187649,1.6941415876523294,13
2,NPZ_UAMB,12,96.10492783824208,14.469182468635506,13
2,NPZ_UAMB,13,96.05671975008488,10.589690013173131,13
3,MVRR_AMB,1,,0.0,14
3,MVRR_AMB,2,,11.478896728443335,14
3,MVRR_AMB,3,,10.688173470432606,14
3,MVRR_AMB,4,,2.4293349153698234,14
3,MVRR_AMB,5,87.88211442909437,12.263590274714813,14
3,MVRR_AMB,6,94.70960421847836,20.572248248131583,14
3,MVRR_AMB,7,74.80047925993291,12.978915650656683,14
3,MVRR_AMB,8,102.3361655777947,5.801447421927106,14
3,MVRR_AMB,9,86.77723506367833,12.00276001055507,14
3,MVRR_AMB,10,86.02126790290993,1.6474240483893052,14
3,MVRR_AMB,11,82.11206173669461,12.584116404919639,14
3,MVRR_AMB,12,95.1137759020086,0.5498719174320794,14
3,MVRR_AMB,13,91.73136118957977,5.537099768591918,14
3,MVRR_AMB,14,73.25975429140003,10.690907263655058,14
3,MVRR_UAMB,1,,0.0,16
3,MVRR_UAMB,2,,11.478896728443335,16
3,MVRR_UAMB,3,,3.9793741316733646,16
3,MVRR_UAMB,4,,3.1895898989363474,16
3,MVRR_UAMB,5,87.74087913377495,9.089719934032628,16
3,MVRR_UAMB,6,89.12420068522,9.486437130292092,16
3,MVRR_UAMB,7,86.00588933557115,11.752712370673823,16
3,MVRR_UAMB,8,99.30946757476185,12.373635781626493,16
3,MVRR_UAMB,9,76.2139201423361,10.92873248350045,16
3,MVRR_UAMB,10,104.07177342652713,4.901161584288321,16
3,MVRR_UAMB,11,87.31473388036417,11.657065251292376,16
3,MVRR_UAMB,12,86.07973541116196,1.829641902752912,16
3,MVRR_UAMB,13,82.35942502301343,12.68670887167353,16
3,MVRR_UAMB,14,94.51274002811358,0.5564567891683145,16
3,MVRR_UAMB,15,90.97133988568976,5.299260145199516,16
3,MVRR_UAMB,16,73.05014343033673,11.671353827900035,16
3,NPS_AMB,1,,0.0,11
3,NPS_AMB,2,,11.478896728443335,11
3,NPS_AMB,3,,14.440671872706073,11
3,NPS_AMB,4,,4.054483426854076,11
3,NPS_AMB,5,92.52486816026727,16.578460250489407,11
3,NPS_AMB,6,97.13518071856947,13.49991301387444,11
3,NPS_AMB,7,77.27211107173471,12.375493194255812,11
3,NPS_AMB,8,103.02652330462429,3.5951115750240827,11
3,NPS_AMB,9,71.18688831313713,0.8216705901289111,11
3,NPS_AMB,10,92.7378282733549,7.148852379417815,11
3,NPS_AMB,11,104.1965545373046,5.715162006162727,11
3,NPS_UAMB,1,,0.0,12
3,NPS_UAMB,2,,11.478896728443335,12
3,NPS_UAMB,3,,14.440671872706073,12
3,NPS_UAMB,4,,1.03141916926866,12
3,NPS_UAMB,5,70.9345756627733,2.73360576136305,12
3,NPS_UAMB,6,87.23511593613313,14.952069852283273,12
3,NPS_UAMB,7,94.21627990423084,11.826023759222414,12
3,NPS_UAMB,8,75.73474961438694,11.163263160690253,12
3,NPS_UAMB,9,101.47324236396652,3.083663376512831,12
3,NPS_UAMB,10,71.90918516336394,0.9734761504011695,12
3,NPS_UAMB,11,92.33257478092766,7.4072473692413405,12
3,NPS_UAMB,12,103.54803137793176,6.172988937840019,12
3,NPZ_AMB,1,,0.0,12
3,NPZ_AMB,2,,3.344545235467833,12
3,NPZ_AMB,3,,11.115163052896943,12
3,NPZ_AMB,4,,8.446237902731585,12
3,NPZ_AMB,5,83.96318857126789,6.6474844280389345,12
3,NPZ_AMB,6,88.47751196673825,13.710941229927935,12
3,NPZ_AMB,7,96.5893090416761,19.67598198900876,12
3,NPZ_AMB,8,73.91658505086643,12.201574706674892,12
3,NPZ_AMB,9,102.77671191051859,3.7072098668564615,12
3,NPZ_AMB,10,58.912299654390964,1.3713068483336457,12
3,NPZ_AMB,11,97.1549468179607,9.275542372775668,12
3,NPZ_AMB,12,97.16248785383287,8.287900527370882,12
3,NPZ_UAMB,1,,0.0,12
3,NPZ_UAMB,2,,3.344551426843264,12
3,NPZ_UAMB,3,,11.115159613243925,12
3,NPZ_UAMB,4,,12.742711238308683,12
3,NPZ_UAMB,5,64.75637929626593,2.556305922883516,12
3,NPZ_UAMB,6,88.46509828868733,15.672080035634645,12
3,NPZ_UAMB,7,93.27584525438049,8.657477313480339,12
3,NPZ_UAMB,8,76.25081600188967,11.755999303097113,12
3,NPZ_UAMB,9,101.7129242895715,3.804018213096533,12
3,NPZ_UAMB,10,57.94590744213321,1.6919832053840012,12
3,NPZ_UAMB,11,96.79614728882832,9.238993307744908,12
3,NPZ_UAMB,12,96.3312668992079,7.978761884427635,12
4,MVRR_AMB,1,,0.0,14
4,MVRR_AMB,2,,12.784335855331708,14
4,MVRR_AMB,3,,15.503023841558917,14
4,MVRR_AMB,4,,2.216737529609857,14
4,MVRR_AMB,5,100.42078290923695,7.62607259075435,14
4,MVRR_AMB,6,102.0201037353963,16.901253799963207,14
4,MVRR_AMB,7,89.23036539604944,15.108744671358084,14
4,MVRR_AMB,8,103.16382507746492,4.933340570160658,14
4,MVRR_AMB,9,94.89577989465852,6.2281480735379935,14
4,MVRR_AMB,10,78.96289117530347,4.625412169131531,14
4,MVRR_AMB,11,75.5047357680116,2.8037222282065626,14
4,MVRR_AMB,12,87.70596320891768,9.226214308855198,14
4,MVRR_AMB,13,100.43859886007259,4.698307359665034,14
4,MVRR_AMB,14,112.65476657139075,1.5524244141288397,14
4,MVRR_UAMB,1,,0.0,16
4,MVRR_UAMB,2,,12.784335855331708,16
4,MVRR_UAMB,3,,5.329400104763223,16
4,MVRR_UAMB,4,,2.5354716005926936,16
4,MVRR_UAMB,5,92.19662569108611,12.478052640340735,16
4,MVRR_UAMB,6,92.14471767169678,4.193400693262001,16
4,MVRR_UAMB,7,88.6349614276781,7.287170458270134,16
4,MVRR_UAMB,8,101.81081633914228,12.381117714869628,16
4,MVRR_UAMB,9,91.43636859276923,15.664452261103577,16
4,MVRR_UAMB,10,103.24878819123118,4.892477148350352,16
4,MVRR_UAMB,11,97.16853362662145,6.172617627296806,16
4,MVRR_UAMB,12,79.26176707198057,4.0742655592869195,16
4,MVRR_UAMB,13,75.585889144648,3.146773442142844,16
4,MVRR_UAMB,14,87.70901513188342,9.083705356766654,16
4,MVRR_UAMB,15,99.91378320419581,5.203922250624321,16
4,MVRR_UAMB,16,113.11753232836006,1.7081398830740062,16
4,NPS_AMB,1,,0.0,12
4,NPS_AMB,2,,12.78433035188688,12
4,NPS_AMB,3,,9.151544945295393,12
4,NPS_AMB,4,,2.6222616134547048,12
4,NPS_AMB,5,103.0337883732792,11.728418789343547,12
4,NPS_AMB,6,106.66718581502076,17.21541657208611,12
4,NPS_AMB,7,91.80385907098783,14.02239768305686,12
4,NPS_AMB,8,103.88548640974815,7.027669276036259,12
4,NPS_AMB,9,92.55816969921314,4.195520895381837,12
4,NPS_AMB,10,64.76261762970623,1.1816651048715692,12
4,NPS_AMB,11,82.48896083701429,8.923233160760791,12
4,NPS_AMB,12,83.98036073275168,9.31883866116508,12
4,NPS_UAMB,1,,0.0,13
4,NPS_UAMB,2,,12.784335855331708,13
4,NPS_UAMB,3,,9.151531874613928,13
4,NPS_UAMB,4,,4.8186002808457244,13
4,NPS_UAMB,5,73.21356201117105,2.9367640513130615,13
4,NPS_UAMB,6,89.53902629968715,11.381550420471365,13
4,NPS_UAMB,7,102.43935907511839,11.875712986709697,13
4,NPS_UAMB,8,93.0487600717001,13.524404719218511,13
4,NPS_UAMB,9,104.99551133689319,7.021185530098732,13
4,NPS_UAMB,10,90.52398454105821,3.904105236592653,13
4,NPS_UAMB,11,65.35034126070565,1.239855520782326,13
4,NPS_UAMB,12,82.4126924534097,8.22541424281555,13
4,NPS_UAMB,13,84.0172860659483,10.126534800998133,13
4,NPZ_AMB,1,,0.0,13
4,NPZ_AMB,2,,3.3340907540871845,13
4,NPZ_AMB,3,,11.93818534067031,13
4,NPZ_AMB,4,,10.806760323716738,13
4,NPZ_AMB,5,86.39102792840607,2.475324452071745,13
4,NPZ_AMB,6,100.87609328324392,11.761340396302309,13
4,NPZ_AMB,7,104.72560999664161,18.281099500920867,13
4,NPZ_AMB,8,89.4366871395433,15.646304651784535,13
4,NPZ_AMB,9,105.66397410777026,8.59032978313867,13
4,NPZ_AMB,10,96.4864401835953,5.585364291799453,13
4,NPZ_AMB,11,84.5107804783168,7.075643492529139,13
4,NPZ_AMB,12,104.09907739854287,5.0966233066469195,13
4,NPZ_AMB,13,104.74319644090188,3.7159757365796136,13
4,NPZ_UAMB,1,,0.0,13
4,NPZ_UAMB,2,,3.3340907540871845,13
4,NPZ_UAMB,3,,11.93818534067031,13
4,NPZ_UAMB,4,,13.988033485622662,13
4,NPZ_UAMB,5,64.20147833910838,2.1319813835769494,13
4,NPZ_UAMB,6,101.2949556783766,12.934809667947011,13
4,NPZ_UAMB,7,103.19652023050159,8.63423213838972,13
4,NPZ_UAMB,8,93.02061115954535,15.423357350095644,13
4,NPZ_UAMB,9,104.56372840439947,8.199986951850784,13
4,NPZ_UAMB,10,94.60855931109116,5.763946604906471,13
4,NPZ_UAMB,11,82.80308026494957,6.680381269495973,13
4,NPZ_UAMB,12,103.38978166496017,4.983480736158502,13
4,NPZ_UAMB,13,103.2727430818531,3.224196591908264,13
5,MVRR_AMB,1,,0.0,14
5,MVRR_AMB,2,,8.364288169595456,14
5,MVRR_AMB,3,,13.00764638437922,14
5,MVRR_AMB,4,,11.630586802365539,14
5,MVRR_AMB,5,80.50555437589512,3.9923780838704035,14
5,MVRR_AMB,6,94.5148292670162,12.32089076639868,14
5,MVRR_AMB,7,95.73919405215689,14.95939493734882,14
5,MVRR_AMB,8,87.0520145222519,12.184160431379127,14
5,MVRR_AMB,9,86.15390097883335,6.162361269929952,14
5,MVRR_AMB,10,73.50184515206867,1.8068519657391289,14
5,MVRR_AMB,11,78.07054165397034,5.52686267328196,14
5,MVRR_AMB,12,70.33816441549004,3.8125605913648886,14
5,MVRR_AMB,13,71.55107251632869,6.881424860770975,14
5,MVRR_AMB,14,82.11005950627533,8.837051966482836,14
5,MVRR_UAMB,1,,0.0,16
5,MVRR_UAMB,2,,8.364288169595456,16
5,MVRR_UAMB,3,,13.00765051196284,16
5,MVRR_UAMB,4,,5.868967122725242,16
5,MVRR_UAMB,5,76.29084816553838,3.7177788886825844,16
5,MVRR_UAMB,6,87.22585857530757,9.112643845531434,16
5,MVRR_UAMB,7,83.39613008081672,0.9677189451722116,16
5,MVRR_UAMB,8,87.96928086892181,10.856214966868242,16
5,MVRR_UAMB,9,102.32570381888276,9.150652011372115,16
5,MVRR_UAMB,10,92.47065993953548,12.436139780394866,16
5,MVRR_UAMB,11,86.74077660078713,10.342760762717328,16
5,MVRR_UAMB,12,75.35979594826084,0.0547634466140017,16
5,MVRR_UAMB,13,79.6212399690232,6.78898900144644,16
5,MVRR_UAMB,14,71.34460097087003,3.7360878177281376,16
5,MVRR_UAMB,15,72.594774401801,4.535936131228345,16
5,MVRR_UAMB,16,83.12034355376841,8.815709951406665,16
5,NPS_AMB,1,,0.0,11
5,NPS_AMB,2,,8.364266155816146,11
5,NPS_AMB,3,,13.007634001628357,11
5,NPS_AMB,4,,14.324612476459022,11
5,NPS_AMB,5,80.45407265293265,3.6757845089602057,11
5,NPS_AMB,6,94.29325164194407,11.546873903092765,11
5,NPS_AMB,7,90.78691177134017,10.903713823314137,11
5,NPS_AMB,8,84.734785202004,13.334472583050454,11
5,NPS_AMB,9,82.66749777494822,5.468691949384727,11
5,NPS_AMB,10,71.82059108085825,1.9363514621858064,11
5,NPS_AMB,11,73.66220488321291,7.06208764800548,11
5,NPS_UAMB,1,,0.0,12
5,NPS_UAMB,2,,8.364266155816146,12
5,NPS_UAMB,3,,13.007634001628357,12
5,NPS_UAMB,4,,14.324612476459022,12
5,NPS_UAMB,5,75.74105069938375,1.9787642756977346,12
5,NPS_UAMB,6,69.2319258052968,2.7071061585701557,12
5,NPS_UAMB,7,85.48905414814,10.431708813882365,12
5,NPS_UAMB,8,88.70266249380977,9.66383310707346,12
5,NPS_UAMB,9,85.70286284939802,14.022101872897377,12
5,NPS_UAMB,10,81.79775865336602,5.8530229551290525,12
5,NPS_UAMB,11,70.67037361015446,1.512826814188403,12
5,NPS_UAMB,12,73.6077907603488,7.32004098638159,12
5,NPZ_AMB,1,,0.0,12
5,NPZ_AMB,2,,3.344545235467833,12
5,NPZ_AMB,3,,8.876152566121796,12
5,NPZ_AMB,4,,12.38543929492051,12
5,NPZ_AMB,5,97.26487567144814,5.957302227722605,12
5,NPZ_AMB,6,86.7159809216661,2.519858671582066,12
5,NPZ_AMB,7,97.19571848662659,9.467947619463134,12
5,NPZ_AMB,8,96.81433556869129,16.499323465590788,12
5,NPZ_AMB,9,85.23042084631169,11.003626800367584,12
5,NPZ_AMB,10,85.3473599275705,7.508752217711174,12
5,NPZ_AMB,11,75.12723378337998,1.3968769708899518,12
5,NPZ_AMB,12,74.81306778185053,7.990176372965399,12
5,NPZ_UAMB,1,,0.0,12
5,NPZ_UAMB,2,,3.344551426843264,12
5,NPZ_UAMB,3,,8.876127112689469,12
5,NPZ_UAMB,4,,12.38544342250413,12
5,NPZ_UAMB,5,89.3173676050337,7.4330124341324,12
5,NPZ_UAMB,6,66.64403329250538,3.1254678873886577,12
5,NPZ_UAMB,7,92.74460335074487,12.171754290876487,12
5,NPZ_UAMB,8,85.86959674037615,9.030064655893147,12
5,NPZ_UAMB,9,86.0028251646387,11.938347692292725,12
5,NPZ_UAMB,10,82.02676345297212,6.260662425579512,12
5,NPZ_UAMB,11,72.44109958461559,1.5915709626950993,12
5,NPZ_UAMB,12,73.33060878290925,6.008908975775682,12
6,MVRR_AMB,1,,0.0,11
6,MVRR_AMB,2,,13.392449998448116,11
6,MVRR_AMB,3,,13.442882190987126,11
6,MVRR_AMB,4,,1.2832703912095063,11
6,MVRR_AMB,5,89.8355993366418,7.689968961064108,11
6,MVRR_AMB,6,96.37793950159742,19.714109854774442,11
6,MVRR_AMB,7,83.8470005779657,6.478026482490792,11
6,MVRR_AMB,8,99.26814031238523,4.327436060142534,11
6,MVRR_AMB,9,91.11536318610997,3.7322839054563537,11
6,MVRR_AMB,10,96.18376866770879,16.739034260224578,11
6,MVRR_AMB,11,104.54790582380159,5.4138750591619695,11
6,MVRR_UAMB,1,,0.0,13
6,MVRR_UAMB,2,,13.392449998448116,13
6,MVRR_UAMB,3,,4.997732594470201,13
6,MVRR_UAMB,4,,4.089363916206166,13
6,MVRR_UAMB,5,92.50589122361218,6.965426690897199,13
6,MVRR_UAMB,6,82.71749488690281,0.39547251481950796,13
6,MVRR_UAMB,7,81.74650537017293,7.792004891959805,13
6,MVRR_UAMB,8,96.89638982693106,14.341763962264269,13
6,MVRR_UAMB,9,87.48993605704436,5.848068478922997,13
6,MVRR_UAMB,10,97.13339322772367,5.412980921360134,13
6,MVRR_UAMB,11,89.72828383402423,3.822067448339283,13
6,MVRR_UAMB,12,95.67538337395987,17.09631377084939,13
6,MVRR_UAMB,13,104.13959398074186,5.53189368176765,13
6,NPS_AMB,1,,0.0,11
6,NPS_AMB,2,,13.392449998448116,11
6,NPS_AMB,3,,11.912363177539165,11
6,NPS_AMB,4,,3.083193519910674,11
6,NPS_AMB,5,104.81830091095637,17.035667184710338,11
6,NPS_AMB,6,102.57944435587235,16.585905035479954,11
6,NPS_AMB,7,87.21603740680246,3.7584094459836215,11
6,NPS_AMB,8,98.05481091907498,2.7459128398587924,11
6,NPS_AMB,9,89.84367792106278,3.780684982888674,11
6,NPS_AMB,10,95.70492738068097,17.14263351424097,11
6,NPS_AMB,11,104.55797234837489,4.117011847158871,11
6,NPS_UAMB,1,,0.0,12
6,NPS_UAMB,2,,13.392449998448116,12
6,NPS_UAMB,3,,11.912363177539165,12
6,NPS_UAMB,4,,1.2885203336097444,12
6,NPS_UAMB,5,75.27333505324029,2.124491539131874,12
6,NPS_UAMB,6,94.84683907069086,14.827924519723256,12
6,NPS_UAMB,7,100.7898958599486,16.548106000542724,12
6,NPS_UAMB,8,86.2363810227379,3.403475090785974,12
6,NPS_UAMB,9,98.38228891667035,3.127312917267114,12
6,NPS_UAMB,10,88.8834632262502,3.9519535617851003,12
6,NPS_UAMB,11,95.8068791879319,17.166739978447108,12
6,NPS_UAMB,12,104.34366125686972,4.326002240782291,12
6,NPZ_AMB,1,,0.0,14
6,NPZ_AMB,2,,3.344551426843264,14
6,NPZ_AMB,3,,14.055242241788036,14
6,NPZ_AMB,4,,7.916998442953878,14
6,NPZ_AMB,5,81.766136895123,1.9337712064749117,14
6,NPZ_AMB,6,104.86392919726318,13.020196990308584,14
6,NPZ_AMB,7,102.88618693889634,23.297966885126062,14
6,NPZ_AMB,8,87.04873784624006,5.527155043788427,14
6,NPZ_AMB,9,99.19708497006728,3.391461758657905,14
6,NPZ_AMB,10,100.17976533735798,9.835099622178076,14
6,NPZ_AMB,11,74.81723759061126,0.011100286983553937,14
6,NPZ_AMB,12,72.87439029336852,4.344014155789804,14
6,NPZ_AMB,13,76.98373782390028,9.85715261353291,14
6,NPZ_AMB,14,82.90398288978935,14.658127080422311,14
6,NPZ_UAMB,1,,0.0,14
6,NPZ_UAMB,2,,3.344551426843264,14
6,NPZ_UAMB,3,,14.05526287970614,14
6,NPZ_UAMB,4,,14.02354996681764,14
6,NPZ_UAMB,5,72.34847751545843,3.563041626152393,14
6,NPZ_UAMB,6,100.36444837890453,15.756167169155697,14
6,NPZ_UAMB,7,98.29898539074969,16.520356255860708,14
6,NPZ_UAMB,8,83.59389467896666,4.60521590247541,14
6,NPZ_UAMB,9,96.07259813193583,3.4775256607679736,14
6,NPZ_UAMB,10,95.23750575768779,7.253277493299299,14
6,NPZ_UAMB,11,73.58354042686021,0.012961375742034462,14
6,NPZ_UAMB,12,72.18911936636783,4.567753953533869,14
6,NPZ_UAMB,13,75.7259897933051,9.103573480524929,14
6,NPZ_UAMB,14,83.18838193518748,13.282830664545273,14
7,MVRR_AMB,1,,0.0,12
7,MVRR_AMB,2,,17.131506924660748,12
7,MVRR_AMB,3,,10.46907582840063,12
7,MVRR_AMB,4,,5.095476526330967,12
7,MVRR_AMB,5,88.41541180713998,7.013307348828008,12
7,MVRR_AMB,6,95.63212131130318,17.67128754507514,12
7,MVRR_AMB,7,88.9208033414565,6.292760579605944,12
7,MVRR_AMB,8,98.4923514537086,12.302798191527913,12
7,MVRR_AMB,9,96.08623987844287,0.39927711502189506,12
7,MVRR_AMB,10,90.32915550626306,3.0422733438255842,12
7,MVRR_AMB,11,77.52271890343877,2.1636095090185727,12
7,MVRR_AMB,12,74.02751511248658,12.814650721251342,12
7,MVRR_UAMB,1,,0.0,14
7,MVRR_UAMB,2,,17.131501421215923,14
7,MVRR_UAMB,3,,5.121213042101982,14
7,MVRR_UAMB,4,,3.823007849474201,14
7,MVRR_UAMB,5,92.82099900492784,13.611323375103368,14
7,MVRR_UAMB,6,84.47939921996776,4.196640846404256,14
7,MVRR_UAMB,7,79.21272664058236,5.299608926015465,14
7,MVRR_UAMB,8,98.81036832041242,10.411620552330985,14
7,MVRR_UAMB,9,93.03319869003208,3.6722695275418715,14
7,MVRR_UAMB,10,99.90799548027401,11.80770691897492,14
7,MVRR_UAMB,11,97.11323018248841,0.2565966747326095,14
7,MVRR_UAMB,12,90.23345328754428,2.262363838953157,14
7,MVRR_UAMB,13,77.72329072879207,1.956195164407659,14
7,MVRR_UAMB,14,74.78274675004124,12.178055047273496,14
7,NPS_AMB,1,,0.0,13
7,NPS_AMB,2,,17.131501421215923,13
7,NPS_AMB,3,,7.263560679959688,13
7,NPS_AMB,4,,2.7909673068879735,13
7,NPS_AMB,5,89.74151144973953,10.081059578413615,13
7,NPS_AMB,6,93.13252347401318,9.54943437530314,13
7,NPS_AMB,7,87.75323267570737,4.617783362704559,13
7,NPS_AMB,8,100.40647788666965,10.279664455699384,13
7,NPS_AMB,9,96.14878344062053,0.6076088580881736,13
7,NPS_AMB,10,88.90863856059961,1.9475941400553591,13
7,NPS_AMB,11,76.55223967739114,1.727789821310987,13
7,NPS_AMB,12,96.7633235727729,8.78677043074598,13
7,NPS_AMB,13,108.1953400161519,6.301313018859375,13
7,NPS_UAMB,1,,0.0,14
7,NPS_UAMB,2,,17.131501421215923,14
7,NPS_UAMB,3,,7.263560679959688,14
7,NPS_UAMB,4,,1.5623342560137237,14
7,NPS_UAMB,5,70.08670904463456,1.7803164185722042,14
7,NPS_UAMB,6,78.69633692026197,9.948337815020373,14
7,NPS_UAMB,7,90.54301670120161,8.186901135911935,14
7,NPS_UAMB,8,87.86429213840547,3.5514603144432915,14
7,NPS_UAMB,9,101.05202935829351,10.032753779369873,14
7,NPS_UAMB,10,95.26069314575096,0.4119420034227577,14
7,NPS_UAMB,11,88.1783668478967,1.3551831308499556,14
7,NPS_UAMB,12,76.78934841376662,1.5671294762850805,14
7,NPS_UAMB,13,96.35048034753922,8.776354473479126,14
7,NPS_UAMB,14,107.85849613531153,6.0473682521095755,14
7,NPZ_AMB,1,,0.0,13
7,NPZ_AMB,2,,3.344551426843264,13
7,NPZ_AMB,3,,16.249443680776782,13
7,NPZ_AMB,4,,8.237049901042322,13
7,NPZ_AMB,5,83.76697136208647,2.773680642719149,13
7,NPZ_AMB,6,88.93038076490434,8.637625700056546,13
7,NPZ_AMB,7,96.56076554618792,15.219207064215455,13
7,NPZ_AMB,8,87.51793492084991,3.925692498928953,13
7,NPZ_AMB,9,101.41463303088976,12.101526207292565,13
7,NPZ_AMB,10,95.0290398560326,0.34428817765478087,13
7,NPZ_AMB,11,96.71887038552235,7.96997253907264,13
7,NPZ_AMB,12,77.1177091556146,9.669786458515727,13
7,NPZ_AMB,13,91.7175171835349,5.855291320302607,13
7,NPZ_UAMB,1,,0.0,13
7,NPZ_UAMB,2,,3.344551426843264,13
7,NPZ_UAMB,3,,16.249443680776782,13
7,NPZ_UAMB,4,,11.244538721835,13
7,NPZ_UAMB,5,67.60415316891805,2.2488341357924306,13
7,NPZ_UAMB,6,90.28135431791557,9.32445974212588,13
7,NPZ_UAMB,7,93.22951024365571,8.00663304886116,13
7,NPZ_UAMB,8,87.52550718136155,3.4025769973831683,13
7,NPZ_UAMB,9,101.6929690765568,12.180733161112732,13
7,NPZ_UAMB,10,95.18853910134926,0.19056077575262453,13
7,NPZ_UAMB,11,93.18997606912401,9.536423543800067,13
7,NPZ_UAMB,12,76.58702250478163,9.586219400530885,13
7,NPZ_UAMB,13,90.27261100736375,3.705331601330726,13
8,MVRR_AMB,1,,0.0,13
8,MVRR_AMB,2,,16.438171938388802,13
8,MVRR_AMB,3,,11.242442597286283,13
8,MVRR_AMB,4,,2.9618662950676953,13
8,MVRR_AMB,5,97.44363223466702,8.250757606246692,13
8,MVRR_AMB,6,108.07962028378967,17.201388291220532,13
8,MVRR_AMB,7,90.8896073480931,8.471773198801092,13
8,MVRR_AMB,8,77.34485907162029,4.1504920537676355,13
8,MVRR_AMB,9,89.98247175840103,2.780482556560773,13
8,MVRR_AMB,10,82.55129915191183,1.3134807776687418,13
8,MVRR_AMB,11,82.59556856893322,7.036514687735435,13
8,MVRR_AMB,12,101.31436199186885,6.626408986071603,13
8,MVRR_AMB,13,98.37150678322138,7.166643124736318,13
8,MVRR_UAMB,1,,0.0,15
8,MVRR_UAMB,2,,16.438171938388802,15
8,MVRR_UAMB,3,,4.582573354593416,15
8,MVRR_UAMB,4,,4.50295226654997,15
8,MVRR_UAMB,5,89.75414394307599,8.55854876512043,15
8,MVRR_UAMB,6,90.0577582536289,9.250115769741507,15
8,MVRR_UAMB,7,90.00131369354122,8.742537180874669,15
8,MVRR_UAMB,8,105.44849322316627,10.362935703524743,15
8,MVRR_UAMB,9,87.98499227157836,7.574284486995938,15
8,MVRR_UAMB,10,76.77631633212376,4.3170142554655495,15
8,MVRR_UAMB,11,89.3424010621513,2.11921046787183,15
8,MVRR_UAMB,12,79.96634105995481,0.977394431135777,15
8,MVRR_UAMB,13,81.69026048232698,7.47685081183733,15
8,MVRR_UAMB,14,100.32252881405259,5.481193712241247,15
8,MVRR_UAMB,15,97.06139605948017,3.45991618516348,15
8,NPS_AMB,1,,0.0,12
8,NPS_AMB,2,,16.438188448723285,12
8,NPS_AMB,3,,14.137584783298735,12
8,NPS_AMB,4,,2.660746687186228,12
8,NPS_AMB,5,96.3339003959579,8.792483694407643,12
8,NPS_AMB,6,102.30175067703821,14.191120918720516,12
8,NPS_AMB,7,90.89305370581948,7.20975625160256,12
8,NPS_AMB,8,77.85151770863679,3.3505316075790654,12
8,NPS_AMB,9,89.23332336996809,2.8773701868028922,12
8,NPS_AMB,10,82.0218107276137,1.0784797279288303,12
8,NPS_AMB,11,65.49475745875915,5.908364908384894,12
8,NPS_AMB,12,87.16793763033533,6.502874535887451,12
8,NPS_UAMB,1,,0.0,13
8,NPS_UAMB,2,,16.438171938388802,13
8,NPS_UAMB,3,,14.137584783298735,13
8,NPS_UAMB,4,,1.4276660789693407,13
8,NPS_UAMB,5,70.78450826713276,1.8865093421219068,13
8,NPS_UAMB,6,91.34731887138909,9.525114652609933,13
8,NPS_UAMB,7,102.87530029369401,9.46846907086055,13
8,NPS_UAMB,8,89.33308193542254,7.3006511463753645,13
8,NPS_UAMB,9,77.70825253192957,3.479076944278756,13
8,NPS_UAMB,10,87.72556951562115,3.031235153327908,13
8,NPS_UAMB,11,80.44147718192328,1.0455436744273954,13
8,NPS_UAMB,12,65.28798218397864,5.730163364866886,13
8,NPS_UAMB,13,86.48125537403808,6.824910501784203,13
8,NPZ_AMB,1,,0.0,16
8,NPZ_AMB,2,,3.6404293474917346,16
8,NPZ_AMB,3,,15.730014799334894,16
8,NPZ_AMB,4,,10.107136963798641,16
8,NPZ_AMB,5,86.48595494980624,4.534948262881788,16
8,NPZ_AMB,6,99.21080967200099,5.672900021435606,16
8,NPZ_AMB,7,103.97732101698064,16.927304356054698,16
8,NPZ_AMB,8,89.00815171588434,8.524925468946147,16
8,NPZ_AMB,9,79.12965365576571,2.617591596553176,16
8,NPZ_AMB,10,89.64111825337152,3.567040566750255,16
8,NPZ_AMB,11,87.99013142108915,3.8545026883614053,16
8,NPZ_AMB,12,88.9393417130218,1.9878093592545623,16
8,NPZ_AMB,13,79.07653830425386,0.9081605792564921,16
8,NPZ_AMB,14,75.4617284811944,2.3439843972955337,16
8,NPZ_AMB,15,80.55262245030171,6.9614559554540785,16
8,NPZ_AMB,16,97.86339124812558,4.726157542215154,16
8,NPZ_UAMB,1,,0.0,16
8,NPZ_UAMB,2,,3.6404293474917346,16
8,NPZ_UAMB,3,,15.730014799334894,16
8,NPZ_UAMB,4,,13.925624765242866,16
8,NPZ_UAMB,5,67.91329861973635,2.291959817392185,16
8,NPZ_UAMB,6,100.05191589088281,8.249798630985481,16
8,NPZ_UAMB,7,104.28756991180904,11.526051619587504,16
8,NPZ_UAMB,8,86.8892964540981,8.53813923997724,16
8,NPZ_UAMB,9,77.15460906001506,1.9200703805765769,16
8,NPZ_UAMB,10,88.61893210898185,3.014460309528051,16
8,NPZ_UAMB,11,86.89928960957023,4.0901381821003495,16
8,NPZ_UAMB,12,88.11550595082801,1.1838984715756737,16
8,NPZ_UAMB,13,78.6769040125471,0.6150034241446709,16
8,NPZ_UAMB,14,75.78688552463441,2.480978897666813,16
8,NPZ_UAMB,15,80.07741772300493,6.63965577777166,16
8,NPZ_UAMB,16,96.73662170132421,4.497784273882868,16
9,MVRR_AMB,1,,0.0,12
9,MVRR_AMB,2,,16.847650247342287,12
9,MVRR_AMB,3,,13.11068325430294,12
9,MVRR_AMB,4,,2.3164054313858244,12
9,MVRR_AMB,5,100.9681387157506,5.259034091093308,12
9,MVRR_AMB,6,102.579334053455,19.054198664801778,12
9,MVRR_AMB,7,88.9201286959306,15.87862982345967,12
9,MVRR_AMB,8,97.2963284845328,6.725907140971168,12
9,MVRR_AMB,9,75.2796481338936,2.321845758580568,12
9,MVRR_AMB,10,85.53959996511442,6.7932177108658545,12
9,MVRR_AMB,11,92.826164295978,10.324508587946559,12
9,MVRR_AMB,12,91.60871545905032,9.751811348070282,12
9,MVRR_UAMB,1,,0.0,14
9,MVRR_UAMB,2,,16.8476722611216,14
9,MVRR_UAMB,3,,6.993888443753787,14
9,MVRR_UAMB,4,,4.577971098856327,14
9,MVRR_UAMB,5,90.72098017820856,9.49418047716454,14
9,MVRR_UAMB,6,84.80723074816991,2.7024689903549417,14
9,MVRR_UAMB,7,86.83152944899415,6.3966635541594075,14
9,MVRR_UAMB,8,105.56993781026006,13.54281649388928,14
9,MVRR_UAMB,9,91.20659136368016,15.379115157126488,14
9,MVRR_UAMB,10,97.53656180968505,7.297710930976214,14
9,MVRR_UAMB,11,75.22228510888398,1.7009471131296217,14
9,MVRR_UAMB,12,84.8797143551176,7.143305594962188,14
9,MVRR_UAMB,13,92.92544725359195,9.539475203956977,14
9,MVRR_UAMB,14,91.8596253225113,9.562524146842959,14
9,NPS_AMB,1,,0.0,14
9,NPS_AMB,2,,16.8476722611216,14
9,NPS_AMB,3,,10.51767812553446,14
9,NPS_AMB,4,,3.4249725781785236,14
9,NPS_AMB,5,105.57952818033635,4.554516792862261,14
9,NPS_AMB,6,98.48951232320368,16.36706467949367,14
9,NPS_AMB,7,92.39904499351675,15.706089948808067,14
9,NPS_AMB,8,97.83204846656118,4.219480830369441,14
9,NPS_AMB,9,73.10316976527744,2.604967554031893,14
9,NPS_AMB,10,67.13436850372065,1.56935389989134,14
9,NPS_AMB,11,82.69199609144691,12.162493369092827,14
9,NPS_AMB,12,91.51240929007108,4.817296652352184,14
9,NPS_AMB,13,85.54144201197285,0.6074405730643043,14
9,NPS_AMB,14,78.29382282296245,2.1687025172498986,14
9,NPS_UAMB,1,,0.0,15
9,NPS_UAMB,2,,16.8476722611216,15
9,NPS_UAMB,3,,10.51766230313058,15
9,NPS_UAMB,4,,2.8225443534822903,15
9,NPS_UAMB,5,76.96476472741912,3.090779330674931,15
9,NPS_UAMB,6,87.97771365217751,5.380661941609995,15
9,NPS_UAMB,7,96.4921612682477,13.456759127119945,15
9,NPS_UAMB,8,91.68316370951571,15.517749684056396,15
9,NPS_UAMB,9,97.23008470566242,3.686324293735682,15
9,NPS_UAMB,10,72.53663233357535,2.49782167461376,15
9,NPS_UAMB,11,66.17904861190006,1.3638334282317277,15
9,NPS_UAMB,12,82.95087818365623,12.127564380633194,15
9,NPS_UAMB,13,91.37092995932605,4.682598464335226,15
9,NPS_UAMB,14,85.28016383743721,0.5710999940020521,15
9,NPS_UAMB,15,78.07849041138537,2.1396314298613035,15
9,NPZ_AMB,1,,0.0,14
9,NPZ_AMB,2,,3.344551426843264,14
9,NPZ_AMB,3,,16.158978054700533,14
9,NPZ_AMB,4,,7.121655730940974,14
9,NPZ_AMB,5,84.38215426446996,5.388856914923608,14
9,NPZ_AMB,6,103.88659066551804,4.220637241713842,14
9,NPZ_AMB,7,105.63257496503542,19.344951158489234,14
9,NPZ_AMB,8,87.31117471061904,14.842759055256078,14
9,NPZ_AMB,9,97.26820246865954,7.263590260975636,14
9,NPZ_AMB,10,75.53971989498874,2.5165001943760172,14
9,NPZ_AMB,11,92.0536569578866,11.215282409131426,14
9,NPZ_AMB,12,85.59861323319775,2.670373932016226,14
9,NPZ_AMB,13,86.22597675717606,9.566598243859248,14
9,NPZ_AMB,14,91.09422792937315,4.4602101062616395,14
9,NPZ_UAMB,1,,0.0,14
9,NPZ_UAMB,2,,3.344551426843264,14
9,NPZ_UAMB,3,,16.15898768572898,14
9,NPZ_UAMB,4,,14.086873978865327,14
9,NPZ_UAMB,5,64.70269600663248,2.9281181394888867,14
9,NPZ_UAMB,6,98.77927235118773,5.819085274668993,14
9,NPZ_UAMB,7,94.73700265301174,10.190708149367104,14
9,NPZ_UAMB,8,89.28495670484898,12.952826570451398,14
9,NPZ_UAMB,9,94.38856220968327,6.695344448051641,14
9,NPZ_UAMB,10,75.03356502223299,3.3067692462058167,14
9,NPZ_UAMB,11,90.90419393730369,11.112406514968914,14
9,NPZ_UAMB,12,85.45517798226983,2.9062250919993526,14
9,NPZ_UAMB,13,86.3065284904764,10.124449425365096,14
9,NPZ_UAMB,14,91.3508095594996,4.684206674103443,14
10,MVRR_AMB,1,,0.0,15
10,MVRR_AMB,2,,11.911159298983124,15
10,MVRR_AMB,3,,14.060510414349265,15
10,MVRR_AMB,4,,3.63441270643395,15
10,MVRR_AMB,5,90.96790807785823,8.475712289436453,15
10,MVRR_AMB,6,101.71339497815494,18.320436748687413,15
10,MVRR_AMB,7,84.15599853021438,12.253026412368216,15
10,MVRR_AMB,8,94.13844423407059,1.7258861453485865,15
10,MVRR_AMB,9,81.24254589051507,0.016688269345749643,15
10,MVRR_AMB,10,107.04355005333133,8.267141361498487,15
10,MVRR_AMB,11,88.05425427993752,4.461703947567034,15
10,MVRR_AMB,12,93.34763093796205,10.761082419578178,15
10,MVRR_AMB,13,94.53764432015682,8.515619831673263,15
10,MVRR_AMB,14,93.19983655494518,2.4795127455682073,15
10,MVRR_AMB,15,75.09951465971022,6.66642178169074,15
10,MVRR_UAMB,1,,0.0,17
10,MVRR_UAMB,2,,11.911159298983124,17
10,MVRR_UAMB,3,,4.27625539910697,17
10,MVRR_UAMB,4,,4.793498381056392,17
10,MVRR_UAMB,5,90.20382869357998,10.268248935265714,17
10,MVRR_UAMB,6,86.56355844328131,4.399304858215688,17
10,MVRR_UAMB,7,82.09745646597769,6.708424072615059,17
10,MVRR_UAMB,8,98.84726435721653,12.113653047970203,17
10,MVRR_UAMB,9,86.39476897833867,13.182199143976522,17
10,MVRR_UAMB,10,94.31456229122634,2.0046309823354536,17
10,MVRR_UAMB,11,81.07405226041053,0.11180349207096846,17
10,MVRR_UAMB,12,106.76964202944268,8.314217828553861,17
10,MVRR_UAMB,13,88.07066100703717,3.4836221017757585,17
10,MVRR_UAMB,14,93.53300119740761,11.106054851707249,17
10,MVRR_UAMB,15,94.92844594296939,8.472785144718769,17
10,MVRR_UAMB,16,93.4306912958486,2.487718725771475,17
10,MVRR_UAMB,17,75.34282891502852,6.314972310947526,17
10,NPS_AMB,1,,0.0,14
10,NPS_AMB,2,,11.911159298983124,14
10,NPS_AMB,3,,13.796640872783476,14
10,NPS_AMB,4,,3.8583385894062494,14
10,NPS_AMB,5,93.31618834737532,13.38815318389896,14
10,NPS_AMB,6,101.60726266256468,15.327476334309026,14
10,NPS_AMB,7,83.68171022676178,11.068262008145448,14
10,NPS_AMB,8,92.67225587252922,1.7696491946524386,14
10,NPS_AMB,9,81.0009716317929,0.005540431846461059,14
10,NPS_AMB,10,88.64265602488057,2.925368480866892,14
10,NPS_AMB,11,67.81367081009282,3.3177572177694414,14
10,NPS_AMB,12,74.77218706542664,1.1254183508895386,14
10,NPS_AMB,13,76.50442552362975,2.3498541651694813,14
10,NPS_AMB,14,90.817631060969,16.736763401302586,14
10,NPS_UAMB,1,,0.0,15
10,NPS_UAMB,2,,11.911159298983124,15
10,NPS_UAMB,3,,13.796653255534338,15
10,NPS_UAMB,4,,1.616380148012663,15
10,NPS_UAMB,5,71.977653770319,3.194782743096499,15
10,NPS_UAMB,6,86.4768043367697,13.017752084943918,15
10,NPS_UAMB,7,101.93189604090982,11.86250196740102,15
10,NPS_UAMB,8,83.62602120311952,10.467413100132088,15
10,NPS_UAMB,9,91.57178406443717,1.7056465390644477,15
10,NPS_UAMB,10,81.89345673224749,0.007695954231411483,15
10,NPS_UAMB,11,87.70606375000918,2.9160012738049983,15
10,NPS_UAMB,12,67.84117122156422,3.611575818156481,15
10,NPS_UAMB,13,74.00913157994015,1.1855293830538056,15
10,NPS_UAMB,14,76.997700027959,2.1759004211451343,15
10,NPS_UAMB,15,91.09462610164556,16.24234320505326,15
10,NPZ_AMB,1,,0.0,15
10,NPZ_AMB,2,,3.3340907540871845,15
10,NPZ_AMB,3,,10.196108404604196,15
10,NPZ_AMB,4,,10.928755185210365,15
10,NPZ_AMB,5,84.8098068889508,3.048054024686385,15
10,NPZ_AMB,6,93.10220753107755,8.171149588884711,15
10,NPZ_AMB,7,100.01368473449011,18.147997311903914,15
10,NPZ_AMB,8,84.21302272478508,11.31028562546804,15
10,NPZ_AMB,9,91.45882969304785,1.9309193901583046,15
10,NPZ_AMB,10,81.3085366968229,0.01391078043744786,15
10,NPZ_AMB,11,88.65247067841901,3.0741032049166694,15
10,NPZ_AMB,12,68.41817247868214,2.824579080224648,15
10,NPZ_AMB,13,75.22000925792531,1.2861924624389909,15
10,NPZ_AMB,14,76.59924482307925,2.723462740563114,15
10,NPZ_AMB,15,89.9674198756091,15.518838678201659,15
10,NPZ_UAMB,1,,0.0,15
10,NPZ_UAMB,2,,3.3340907540871845,15
10,NPZ_UAMB,3,,10.196108404604196,15
10,NPZ_UAMB,4,,15.05817007718416,15
10,NPZ_UAMB,5,63.604381442183346,2.086838517465225,15
10,NPZ_UAMB,6,89.76412199004335,11.149704736426832,15
10,NPZ_UAMB,7,98.36573616230407,9.262817720403632,15
10,NPZ_UAMB,8,81.52395965688787,11.306128460831385,15
10,NPZ_UAMB,9,89.70023433805946,1.3841906706490568,15
10,NPZ_UAMB,10,79.9192141292783,0.007660371961478091,15
10,NPZ_UAMB,11,86.89679272405726,3.1882446506412983,15
10,NPZ_UAMB,12,67.23175502130543,3.173452422840588,15
10,NPZ_UAMB,13,73.75402689029389,1.1861059548908233,15
10,NPZ_UAMB,14,76.36920583824822,2.8970037262253907,15
10,NPZ_UAMB,15,90.02725763249667,14.673168941040748,15
11,MVRR_AMB,1,,0.0,13
11,MVRR_AMB,2,,10.488463776597696,13
11,MVRR_AMB,3,,13.842033285721602,13
11,MVRR_AMB,4,,13.799051381617968,13
11,MVRR_AMB,5,86.06484559777616,3.759069515397633,13
11,MVRR_AMB,6,105.2618467273425,7.633627444641452,13
11,MVRR_AMB,7,109.98357046795527,18.036688764404296,13
11,MVRR_AMB,8,96.89514144765685,10.697631140368854,13
11,MVRR_AMB,9,96.08405616963172,6.930390385263427,13
11,MVRR_AMB,10,99.60248634573443,1.1625821679058084,13
11,MVRR_AMB,11,89.49062392668259,5.893936939838711,13
11,MVRR_AMB,12,87.26117440478232,0.6474602909851391,13
11,MVRR_AMB,13,81.40211367823524,10.704584226960586,13
11,MVRR_UAMB,1,,0.0,15
11,MVRR_UAMB,2,,10.488463776597696,15
11,MVRR_UAMB,3,,13.842030533999187,15
11,MVRR_UAMB,4,,13.524152936617648,15
11,MVRR_UAMB,5,74.18167666584678,3.305247199745681,15
11,MVRR_UAMB,6,95.87022623716864,8.76749530316788,15
11,MVRR_UAMB,7,83.91253643296085,1.7702499300519023,15
11,MVRR_UAMB,8,88.30545147360687,1.5423187431236591,15
11,MVRR_UAMB,9,112.80268633674646,15.885928767162289,15
11,MVRR_UAMB,10,96.36094821589253,8.313194187815926,15
11,MVRR_UAMB,11,96.47122560822453,6.886127554376168,15
11,MVRR_UAMB,12,99.27626249281056,1.1028500995127173,15
11,MVRR_UAMB,13,90.581436778867,7.095611366224913,15
11,MVRR_UAMB,14,87.13038989594675,0.6207629941350782,15
11,MVRR_UAMB,15,81.9989600086351,10.49285776134459,15
11,NPS_AMB,1,,0.0,13
11,NPS_AMB,2,,10.488463776597696,13
11,NPS_AMB,3,,13.842033285721602,13
11,NPS_AMB,4,,16.76667943945487,13
11,NPS_AMB,5,86.21350645422194,3.7382547991290087,13
11,NPS_AMB,6,104.55777524257007,6.099037945812869,13
11,NPS_AMB,7,109.10406874686224,16.14205221013322,13
11,NPS_AMB,8,95.98154954890497,9.36124407942302,13
11,NPS_AMB,9,96.14163624962359,6.432078221625077,13
11,NPS_AMB,10,101.50502612960159,0.8572948184546569,13
11,NPS_AMB,11,90.02304743440064,4.44231049592514,13
11,NPS_AMB,12,86.98242119933502,0.6388790446376884,13
11,NPS_AMB,13,80.28409994856462,10.881611816903805,13
11,NPS_UAMB,1,,0.0,14
11,NPS_UAMB,2,,10.488463776597696,14
11,NPS_UAMB,3,,13.842033285721602,14
11,NPS_UAMB,4,,16.76667943945487,14
11,NPS_UAMB,5,77.9807665695761,1.8244867227932995,14
11,NPS_UAMB,6,70.37768778359091,2.8094127901583112,14
11,NPS_UAMB,7,88.51552785140724,8.09541599668137,14
11,NPS_UAMB,8,102.78214171308987,14.897016141950276,14
11,NPS_UAMB,9,95.22921603024797,9.070561754657115,14
11,NPS_UAMB,10,96.37012607496804,5.7846928720800515,14
11,NPS_UAMB,11,100.21433117150728,0.8995852663104962,14
11,NPS_UAMB,12,89.56141730840693,4.161317329743544,14
11,NPS_UAMB,13,86.95877501803979,0.5494447555229989,14
11,NPS_UAMB,14,80.3842692407194,10.889110088498771,14
11,NPZ_AMB,1,,0.0,14
11,NPZ_AMB,2,,4.093421330905321,14
11,NPZ_AMB,3,,12.834750161675029,14
11,NPZ_AMB,4,,14.609327691170591,14
11,NPZ_AMB,5,99.80655458293913,8.486064269157188,14
11,NPZ_AMB,6,87.67246809530982,6.130742603534126,14
11,NPZ_AMB,7,106.08156463482516,6.577617508021824,14
11,NPZ_AMB,8,103.47113538354688,16.992404604920495,14
11,NPZ_AMB,9,95.73642126924678,9.772099625444614,14
11,NPZ_AMB,10,93.78212458669067,7.503810812186583,14
11,NPZ_AMB,11,98.89271557741891,0.8965513203666253,14
11,NPZ_AMB,12,91.16538091458446,6.66766143263816,14
11,NPZ_AMB,13,87.1421770719667,0.7738569194406127,14
11,NPZ_AMB,14,81.7978149630213,10.681831094234088,14
11,NPZ_UAMB,1,,0.0,14
11,NPZ_UAMB,2,,4.093421330905321,14
11,NPZ_UAMB,3,,12.834746034091408,14
11,NPZ_UAMB,4,,14.609331818754212,14
11,NPZ_UAMB,5,99.46663643002927,9.267858015952468,14
11,NPZ_UAMB,6,65.68082423233194,3.0653056043944336,14
11,NPZ_UAMB,7,105.48360457375693,7.487223429476167,14
11,NPZ_UAMB,8,102.11905894824703,13.994222797261912,14
11,NPZ_UAMB,9,94.06325441263564,7.704682420810723,14
11,NPZ_UAMB,10,94.43451751206925,7.002260559197788,14
11,NPZ_UAMB,11,95.84665138163274,0.7987229450242865,14
11,NPZ_UAMB,12,89.60683105629421,5.951555255461373,14
11,NPZ_UAMB,13,85.92308606896972,0.7389110766811952,14
11,NPZ_UAMB,14,80.84886481526588,10.296984312519825,14
12,MVRR_AMB,1,,0.0,12
12,MVRR_AMB,2,,14.036270491606057,12
12,MVRR_AMB,3,,4.92303777747807,12
12,MVRR_AMB,4,,11.197773199412385,12
12,MVRR_AMB,5,74.60490337754216,4.042777943671052,12
12,MVRR_AMB,6,87.19876759787039,10.406371641826652,12
12,MVRR_AMB,7,99.86661026822236,16.838083884370693,12
12,MVRR_AMB,8,93.0898011322636,13.533583089329758,12
12,MVRR_AMB,9,97.81925838741864,6.767860588822642,12
12,MVRR_AMB,10,96.02536100281014,5.6778039347423075,12
12,MVRR_AMB,11,86.33450309995817,10.67352949167694,12
12,MVRR_AMB,12,95.69080348254006,6.78183899471947,12
12,MVRR_UAMB,1,,0.0,14
12,MVRR_UAMB,2,,14.036270491606057,14
12,MVRR_UAMB,3,,4.923020235247682,14
12,MVRR_UAMB,4,,6.332385382364735,14
12,MVRR_UAMB,5,71.01822407439187,3.2932483141602846,14
12,MVRR_UAMB,6,88.5827742927382,6.76638910526186,14
12,MVRR_UAMB,7,81.63461523981964,3.8228159168358378,14
12,MVRR_UAMB,8,83.95964452294366,11.228089613175877,14
12,MVRR_UAMB,9,101.58353783382793,13.404104918731788,14
12,MVRR_UAMB,10,94.95215661523658,14.266695598954463,14
12,MVRR_UAMB,11,96.37848677002256,8.131795142853077,14
12,MVRR_UAMB,12,94.1496701270231,5.610133577142016,14
12,MVRR_UAMB,13,87.78342221194922,10.432553592663403,14
12,MVRR_UAMB,14,95.74088908304134,6.367072735199906,14
12,NPS_AMB,1,,0.0,12
12,NPS_AMB,2,,14.036270491606057,12
12,NPS_AMB,3,,4.92303777747807,12
12,NPS_AMB,4,,12.730560320059924,12
12,NPS_AMB,5,75.44334465779103,2.237680544936025,12
12,NPS_AMB,6,94.7342686634888,12.387060059422241,12
12,NPS_AMB,7,102.80980552411764,14.465042502263936,12
12,NPS_AMB,8,91.4897941285026,10.916408206739622,12
12,NPS_AMB,9,95.47682457593086,6.100910492915463,12
12,NPS_AMB,10,91.09312828330332,3.966281436428481,12
12,NPS_AMB,11,81.3092251654542,10.297812065018427,12
12,NPS_AMB,12,88.58455145077768,8.499651070558,12
12,NPS_UAMB,1,,0.0,13
12,NPS_UAMB,2,,14.036270491606057,13
12,NPS_UAMB,3,,4.923020235247682,13
12,NPS_UAMB,4,,12.730579582116821,13
12,NPS_UAMB,5,73.02571069049016,1.776524717068632,13
12,NPS_UAMB,6,71.81456922694468,2.0557404425535615,13
12,NPS_UAMB,7,84.74990747367933,11.41777753397971,13
12,NPS_UAMB,8,100.49770492675539,12.018830069451692,13
12,NPS_UAMB,9,90.47928150716216,11.386681006911903,13
12,NPS_UAMB,10,95.16790480892723,5.8315691513298225,13
12,NPS_UAMB,11,88.23132019246138,3.583397492708515,13
12,NPS_UAMB,12,81.63346050859285,10.164682358777338,13
12,NPS_UAMB,13,87.23279699129546,8.50388098385597,13
12,NPZ_AMB,1,,0.0,12
12,NPZ_AMB,2,,3.2443794439176172,12
12,NPZ_AMB,3,,15.133279028399569,12
12,NPZ_AMB,4,,4.51356841162243,12
12,NPZ_AMB,5,90.21462364554688,9.23725146745697,12
12,NPZ_AMB,6,79.90971969949943,5.286966137385239,12
12,NPZ_AMB,7,89.43374458863833,10.403510538446898,12
12,NPZ_AMB,8,101.09906889470055,19.977931241197993,12
12,NPZ_AMB,9,94.22933463226539,12.563018949172998,12
12,NPZ_AMB,10,96.4948303481363,6.043208937689784,12
12,NPZ_AMB,11,95.68388786449934,5.981346090243829,12
12,NPZ_AMB,12,77.53269024911444,3.3328129229912733,12
12,NPZ_UAMB,1,,0.0,12
12,NPZ_UAMB,2,,3.2443856352930487,12
12,NPZ_UAMB,3,,15.133310673207328,12
12,NPZ_UAMB,4,,4.513554996975662,12
12,NPZ_UAMB,5,93.91486913216087,15.443870064829353,12
12,NPZ_UAMB,6,64.52786109992314,2.71745211889811,12
12,NPZ_UAMB,7,89.82188820964879,11.08313437986146,12
12,NPZ_UAMB,8,97.59392268896853,10.219317807303435,12
12,NPZ_UAMB,9,92.57392478736801,13.138261016334091,12
12,NPZ_UAMB,10,94.95998251462674,5.855264233035096,12
12,NPZ_UAMB,11,92.8410971728746,6.45265560183551,12
12,NPZ_UAMB,12,76.84183351914497,2.47526911665383,12
13,MVRR_AMB,1,,0.0,13
13,MVRR_AMB,2,,13.928672641781457,13
13,MVRR_AMB,3,,9.458890325138094,13
13,MVRR_AMB,4,,3.601448103812472,13
13,MVRR_AMB,5,89.36203637281966,7.7338513663276585,13
13,MVRR_AMB,6,91.39456879750328,15.782250745916153,13
13,MVRR_AMB,7,92.17610935201157,21.98203268895144,13
13,MVRR_AMB,8,102.20758266738973,2.31570288225705,13
13,MVRR_AMB,9,93.24491813871064,2.5879608776186735,13
13,MVRR_AMB,10,74.67309325322529,4.877050304567958,13
13,MVRR_AMB,11,70.51880363315165,1.1712757189242724,13
13,MVRR_AMB,12,74.321325369029,9.586478062437783,13
13,MVRR_AMB,13,94.10112742652193,17.959854827200736,13
13,MVRR_UAMB,1,,0.0,15
13,MVRR_UAMB,2,,13.928672641781457,15
13,MVRR_UAMB,3,,9.1351212900686,15
13,MVRR_UAMB,4,,3.818499840229785,15
13,MVRR_UAMB,5,89.57179594129047,8.919779749131466,15
13,MVRR_UAMB,6,83.45566841282606,5.395659172730533,15
13,MVRR_UAMB,7,82.5556156772669,6.402525410831416,15
13,MVRR_UAMB,8,94.91974619788205,10.163153089045865,15
13,MVRR_UAMB,9,91.42377418012082,14.491508568439912,15
13,MVRR_UAMB,10,100.15178863116547,1.8629043793256845,15
13,MVRR_UAMB,11,93.08454148608539,2.729859979227258,15
13,MVRR_UAMB,12,75.62071725611614,3.8045138670963197,15
13,MVRR_UAMB,13,70.18996750488787,1.119939671563653,15
13,MVRR_UAMB,14,75.22605602019726,9.199629230684826,15
13,MVRR_UAMB,15,94.92848136336494,17.513488905368266,15
13,NPS_AMB,1,,0.0,12
13,NPS_AMB,2,,13.928672641781457,12
13,NPS_AMB,3,,12.561808191310924,12
13,NPS_AMB,4,,3.7715059248468243,12
13,NPS_AMB,5,94.62768711943062,8.696803554357231,12
13,NPS_AMB,6,90.60340806169977,12.23232107706554,12
13,NPS_AMB,7,92.91251112722804,18.173390206338507,12
13,NPS_AMB,8,101.25153897546355,1.248755966929778,12
13,NPS_AMB,9,93.78219680288096,0.9943746222207638,12
13,NPS_AMB,10,79.8258837666953,4.6991232453607275,12
13,NPS_AMB,11,81.676648499395,5.606880009352993,12
13,NPS_AMB,12,88.84518183880151,4.085140796222904,12
13,NPS_UAMB,1,,0.0,13
13,NPS_UAMB,2,,13.928672641781457,13
13,NPS_UAMB,3,,12.56180956717213,13
13,NPS_UAMB,4,,5.975160218257595,13
13,NPS_UAMB,5,74.43867725959765,3.081960060338686,13
13,NPS_UAMB,6,84.63933239336134,12.202674019779206,13
13,NPS_UAMB,7,83.88000374960518,7.887467645939527,13
13,NPS_UAMB,8,92.80298792619695,8.604009283188297,13
13,NPS_UAMB,9,99.87923567592554,1.71128000277611,13
13,NPS_UAMB,10,92.7829648435674,0.9555675109754999,13
13,NPS_UAMB,11,78.96640639389419,4.61479980767739,13
13,NPS_UAMB,12,82.70840691664722,5.694136095198843,13
13,NPS_UAMB,13,89.04799240719555,3.9838198831981684,13
13,NPZ_AMB,1,,0.0,14
13,NPZ_AMB,2,,3.3340907540871845,14
13,NPZ_AMB,3,,11.526648743351299,14
13,NPZ_AMB,4,,12.252738857375974,14
13,NPZ_AMB,5,81.25438827491243,3.3854605960386985,14
13,NPZ_AMB,6,96.90862068189692,13.462550126939798,14
13,NPZ_AMB,7,85.73226211322815,13.931522050340952,14
13,NPZ_AMB,8,94.70067535380116,15.74047272036856,14
13,NPZ_AMB,9,101.9191603951943,2.4447784414693507,14
13,NPZ_AMB,10,96.42475274755688,3.5056183388558098,14
13,NPZ_AMB,11,79.12300836254279,10.534571637363412,14
13,NPZ_AMB,12,87.32124016904918,1.9296632288764026,14
13,NPZ_AMB,13,73.52042369577819,5.004549986750403,14
13,NPZ_AMB,14,84.81668679756433,11.7953644120531,14
13,NPZ_UAMB,1,,0.0,14
13,NPZ_UAMB,2,,3.3340907540871845,14
13,NPZ_UAMB,3,,11.526654246796125,14
13,NPZ_UAMB,4,,19.836679826252556,14
13,NPZ_UAMB,5,64.52324795916576,2.4388954309312867,14
13,NPZ_UAMB,6,94.35780433172744,11.57320238314805,14
13,NPZ_UAMB,7,83.98283597154443,8.249489062213929,14
13,NPZ_UAMB,8,93.57530050850384,10.609861514327529,14
13,NPZ_UAMB,9,99.46453533924517,2.23209644024516,14
13,NPZ_UAMB,10,93.74338311576881,3.3213090034750605,14
13,NPZ_UAMB,11,79.37010683564982,10.146297413400104,14
13,NPZ_UAMB,12,86.33383998495879,2.6472747701961916,14
13,NPZ_UAMB,13,72.86149983224064,4.761014985892028,14
13,NPZ_UAMB,14,84.67841188356529,8.36617843091109,14
14,MVRR_AMB,1,,0.0,12
14,MVRR_AMB,2,,14.832035593009481,12
14,MVRR_AMB,3,,5.431090006565384,12
14,MVRR_AMB,4,,14.127426800008173,12
14,MVRR_AMB,5,85.43028319635901,2.563530226115659,12
14,MVRR_AMB,6,94.22047730012358,10.732066882585812,12
14,MVRR_AMB,7,105.20732768997512,20.954099264050466,12
14,MVRR_AMB,8,93.68907354881274,9.614630246522816,12
14,MVRR_AMB,9,100.00775315483168,5.7509333656462855,12
14,MVRR_AMB,10,93.22883273924886,4.146487265759644,12
14,MVRR_AMB,11,65.48262415497199,2.0402214160703047,12
14,MVRR_AMB,12,81.2775591829388,5.667377830499051,12
14,MVRR_UAMB,1,,0.0,14
14,MVRR_UAMB,2,,14.832035593009481,14
14,MVRR_UAMB,3,,5.431078999675729,14
14,MVRR_UAMB,4,,3.554982863098264,14
14,MVRR_UAMB,5,76.29426389053307,3.8751578047300286,14
14,MVRR_UAMB,6,85.79973595753805,10.034516257575916,14
14,MVRR_UAMB,7,89.95343480335933,1.2948055255768511,14
14,MVRR_UAMB,8,86.67901941290214,7.868288140715306,14
14,MVRR_UAMB,9,102.61357239511115,13.890714006944226,14
14,MVRR_UAMB,10,88.97019898876769,7.121629589578043,14
14,MVRR_UAMB,11,96.36087165842568,4.890454288410904,14
14,MVRR_UAMB,12,91.00955369136364,3.9801305113718595,14
14,MVRR_UAMB,13,65.57438440770535,2.0917094101029616,14
14,MVRR_UAMB,14,81.03581988058075,6.202957946648769,14
14,NPS_AMB,1,,0.0,12
14,NPS_AMB,2,,14.832035593009481,12
14,NPS_AMB,3,,5.431090006565384,12
14,NPS_AMB,4,,11.841042660156962,12
14,NPS_AMB,5,82.98961260910134,4.317956032461675,12
14,NPS_AMB,6,91.64626265047097,11.335494154500907,12
14,NPS_AMB,7,99.97770341456167,14.051742050877676,12
14,NPS_AMB,8,91.78180450561298,10.486415119260618,12
14,NPS_AMB,9,98.75514393391681,5.190667891687626,12
14,NPS_AMB,10,91.34110306351154,3.759147251555823,12
14,NPS_AMB,11,65.53904243109241,2.2400939774755826,12
14,NPS_AMB,12,81.74228144650483,6.928948138753292,12
14,NPS_UAMB,1,,0.0,13
14,NPS_UAMB,2,,14.832035593009481,13
14,NPS_UAMB,3,,5.431078999675729,13
14,NPS_UAMB,4,,11.841035780850927,13
14,NPS_UAMB,5,79.96774651942647,3.698195568194138,13
14,NPS_UAMB,6,70.79176209446699,3.577588262727671,13
14,NPS_UAMB,7,87.06059306264306,11.101646592400332,13
14,NPS_UAMB,8,94.25763814893199,12.130665571793552,13
14,NPS_UAMB,9,88.67976316254254,9.086220431052872,13
14,NPS_UAMB,10,97.31699212568077,7.714789497236628,13
14,NPS_UAMB,11,88.46352268515714,3.8016661783633334,13
14,NPS_UAMB,12,65.11766824549578,1.9309092431819037,13
14,NPS_UAMB,13,80.35361662518591,6.1670651674137,13
14,NPZ_AMB,1,,0.0,13
14,NPZ_AMB,2,,3.344551426843264,13
14,NPZ_AMB,3,,13.960582990753146,13
14,NPZ_AMB,4,,8.570712066120052,13
14,NPZ_AMB,5,85.06560837255985,8.957276782533782,13
14,NPZ_AMB,6,80.51434795328046,4.0893780187835365,13
14,NPZ_AMB,7,79.36020571720601,1.7970634011826212,13
14,NPZ_AMB,8,96.1868957454419,17.8201378414663,13
14,NPZ_AMB,9,85.20743017066447,9.244131461422086,13
14,NPZ_AMB,10,97.32050335513162,4.659147254028874,13
14,NPZ_AMB,11,93.86239827248225,4.218771573917282,13
14,NPZ_AMB,12,65.8019008934609,1.9269018754341494,13
14,NPZ_AMB,13,81.95709211931226,4.838003019550764,13
14,NPZ_UAMB,1,,0.0,14
14,NPZ_UAMB,2,,3.344551426843264,14
14,NPZ_UAMB,3,,13.96058161489194,14
14,NPZ_UAMB,4,,8.57073201610755,14
14,NPZ_UAMB,5,82.84899710126984,11.326964846914018,14
14,NPZ_UAMB,6,64.48262400930798,2.3180227562345386,14
14,NPZ_UAMB,7,85.3449456796468,8.801598774903372,14
14,NPZ_UAMB,8,93.86122529253704,16.20496071209642,14
14,NPZ_UAMB,9,93.39299587124636,13.267082901136371,14
14,NPZ_UAMB,10,95.24360637333332,9.20187257238268,14
14,NPZ_UAMB,11,89.63783752408628,7.978859914538626,14
14,NPZ_UAMB,12,67.96330874615039,2.586922446372764,14
14,NPZ_UAMB,13,80.70147897530592,9.022036849716173,14
14,NPZ_UAMB,14,57.14604055111113,14.922434489817196,14
15,MVRR_AMB,1,,0.0,11
15,MVRR_AMB,2,,15.388604471870496,11
15,MVRR_AMB,3,,10.52915555972244,11
15,MVRR_AMB,4,,2.6704786694506017,11
15,MVRR_AMB,5,91.22001175758935,8.70654052411848,11
15,MVRR_AMB,6,86.99820876851932,12.958704249527285,11
15,MVRR_AMB,7,97.06068278810349,23.171340874810003,11
15,MVRR_AMB,8,99.02815181982594,7.614059946556885,11
15,MVRR_AMB,9,97.36408749325041,2.87103709766752,11
15,MVRR_AMB,10,92.96619632055972,10.36348329628509,11
15,MVRR_AMB,11,100.57248545103037,9.697523992429531,11
15,MVRR_UAMB,1,,0.0,13
15,MVRR_UAMB,2,,15.38861547876015,13
15,MVRR_UAMB,3,,4.095100913473647,13
15,MVRR_UAMB,4,,4.536785381558305,13
15,MVRR_UAMB,5,90.38341819070338,8.614308292252566,13
15,MVRR_UAMB,6,89.63905889209171,10.062693895093279,13
15,MVRR_UAMB,7,81.06015393075437,7.723841976047443,13
15,MVRR_UAMB,8,90.14326748925716,8.454824652523863,13
15,MVRR_UAMB,9,92.58504166042296,14.386640427249805,13
15,MVRR_UAMB,10,98.5549439664927,5.300805581300168,13
15,MVRR_UAMB,11,98.50844959372242,2.60080488595041,13
15,MVRR_UAMB,12,93.54533446854856,9.446363108849248,13
15,MVRR_UAMB,13,101.22136039114304,9.895933153458618,13
15,NPS_AMB,1,,0.0,11
15,NPS_AMB,2,,15.388604471870496,11
15,NPS_AMB,3,,13.062456567278593,11
15,NPS_AMB,4,,3.35901791950324,11
15,NPS_AMB,5,89.92615674004823,8.714445534682739,11
15,NPS_AMB,6,81.13203406190695,9.00844024530426,11
15,NPS_AMB,7,95.90922357901829,17.41014083283781,11
15,NPS_AMB,8,97.41021385816158,7.898502740749487,11
15,NPS_AMB,9,96.54278311357932,4.084226794424893,11
15,NPS_AMB,10,93.11803477622843,10.192500208589095,11
15,NPS_AMB,11,100.64792766882805,9.316035171973365,11
15,NPS_UAMB,1,,0.0,12
15,NPS_UAMB,2,,15.388604471870496,12
15,NPS_UAMB,3,,13.062456567278593,12
15,NPS_UAMB,4,,0.9378762576205207,12
15,NPS_UAMB,5,69.1083079116712,1.7349957223994878,12
15,NPS_UAMB,6,81.24900417737105,9.806880020893901,12
15,NPS_UAMB,7,81.96545550094926,6.978610192981738,12
15,NPS_UAMB,8,93.03518223222501,14.09643827804511,12
15,NPS_UAMB,9,99.00184480087405,8.568128886704091,12
15,NPS_UAMB,10,98.59735094721987,3.9189057195606045,12
15,NPS_UAMB,11,94.1458799371004,10.273453818211426,12
15,NPS_UAMB,12,100.62017118183121,9.69960498250497,12
15,NPZ_AMB,1,,0.0,12
15,NPZ_AMB,2,,3.344545235467833,12
15,NPZ_AMB,3,,15.458305600612174,12
15,NPZ_AMB,4,,8.198165311612845,12
15,NPZ_AMB,5,85.41060634688829,4.149823729186382,12
15,NPZ_AMB,6,90.8476592862323,8.61581623613533,12
15,NPZ_AMB,7,85.35526938182296,13.354489987749677,12
15,NPZ_AMB,8,92.28816254337875,17.98977189724892,12
15,NPZ_AMB,9,100.30601693066538,7.273413222062317,12
15,NPZ_AMB,10,101.94446866576276,3.035429122251848,12
15,NPZ_AMB,11,94.27930368611821,11.313216897769346,12
15,NPZ_AMB,12,99.6429587295399,9.90670545877806,12
15,NPZ_UAMB,1,,0.0,12
15,NPZ_UAMB,2,,3.344551426843264,12
15,NPZ_UAMB,3,,15.458290466138898,12
15,NPZ_UAMB,4,,13.109548856737849,12
15,NPZ_UAMB,5,63.41481065011492,2.583857371569087,12
15,NPZ_UAMB,6,88.63338023314014,11.083104110914908,12
15,NPZ_UAMB,7,81.80261327725303,9.557623501206622,12
15,NPZ_UAMB,8,88.97474970501474,10.02751862747761,12
15,NPZ_UAMB,9,98.77808377951219,8.107244963407712,12
15,NPZ_UAMB,10,99.39321464176224,3.2363138015574533,12
15,NPZ_UAMB,11,93.90256944874447,10.7615852968493,12
15,NPZ_UAMB,12,99.56581053293448,8.30253091949713,12
16,MVRR_AMB,1,,0.0,14
16,MVRR_AMB,2,,10.50270669181155,14
16,MVRR_AMB,3,,3.5591138863719882,14
16,MVRR_AMB,4,,14.33481586316941,14
16,MVRR_AMB,5,86.71787920140086,3.1894588481563897,14
16,MVRR_AMB,6,109.08785846394754,11.152714432816932,14
16,MVRR_AMB,7,105.751975437013,15.489195060568342,14
16,MVRR_AMB,8,89.81939364856791,10.863048869482927,14
16,MVRR_AMB,9,109.55911531254458,4.694800977379243,14
16,MVRR_AMB,10,102.75323083120485,6.759006234025621,14
16,MVRR_AMB,11,84.50282811443252,6.021683589107795,14
16,MVRR_AMB,12,90.38513881008492,11.77025872864545,14
16,MVRR_AMB,13,84.87583860243258,2.081438090245482,14
16,MVRR_AMB,14,89.80049001988648,16.125197566383363,14
16,MVRR_UAMB,1,,0.0,16
16,MVRR_UAMB,2,,10.50270669181155,16
16,MVRR_UAMB,3,,3.559110446718971,16
16,MVRR_UAMB,4,,4.466142475820502,16
16,MVRR_UAMB,5,77.46314225986747,2.9990241786825105,16
16,MVRR_UAMB,6,90.54525413418028,11.362104686103608,16
16,MVRR_UAMB,7,92.63474157478178,4.3811844221554805,16
16,MVRR_UAMB,8,96.64418021262371,11.584411524400686,16
16,MVRR_UAMB,9,108.14168739014029,11.015029250119788,16
16,MVRR_UAMB,10,91.76843117719486,10.49883364251412,16
16,MVRR_UAMB,11,110.3360867188207,4.021992464453074,16
16,MVRR_UAMB,12,104.07878778937271,6.774669038004999,16
16,MVRR_UAMB,13,85.1558907638481,5.383983270563458,16
16,MVRR_UAMB,14,90.58351645506606,11.297781110889108,16
16,MVRR_UAMB,15,84.45645882287121,2.159090320901851,16
16,MVRR_UAMB,16,90.16577376712847,16.701016979303404,16
16,NPS_AMB,1,,0.0,15
16,NPS_AMB,2,,10.50270669181155,15
16,NPS_AMB,3,,3.559110446718971,15
16,NPS_AMB,4,,9.475576081924805,15
16,NPS_AMB,5,79.0960586230099,3.6675960709873254,15
16,NPS_AMB,6,108.23994433735179,14.190120667623098,15
16,NPS_AMB,7,107.08199033184883,16.327441252596085,15
16,NPS_AMB,8,90.58851183421947,10.658048989307476,15
16,NPS_AMB,9,109.93669077242409,4.917335520706063,15
16,NPS_AMB,10,103.12635865418638,6.532033162445335,15
16,NPS_AMB,11,76.68297283850067,1.299214042857743,15
16,NPS_AMB,12,92.46475866340475,9.325630600012953,15
16,NPS_AMB,13,73.61855552329675,0.009463539516015496,15
16,NPS_AMB,14,73.6733035398177,6.754126054324738,15
16,NPS_AMB,15,79.73720694475602,2.9810778750563016,15
16,NPS_UAMB,1,,0.0,16
16,NPS_UAMB,2,,10.50270669181155,16
16,NPS_UAMB,3,,3.559110446718971,16
16,NPS_UAMB,4,,9.475576081924805,16
16,NPS_UAMB,5,79.39938069196258,5.153955443138546,16
16,NPS_UAMB,6,74.1603179578562,3.919176076287761,16
16,NPS_UAMB,7,96.47591263098562,14.373905455918717,16
16,NPS_UAMB,8,104.01017166438983,9.184169366233466,16
16,NPS_UAMB,9,91.84652342031926,9.487920996603737,16
16,NPS_UAMB,10,108.93875973660526,5.718115636208645,16
16,NPS_UAMB,11,101.6417588089926,6.159757452595889,16
16,NPS_UAMB,12,77.33150001941934,1.3875273920497715,16
16,NPS_UAMB,13,91.94495438368354,9.014472708765926,16
16,NPS_UAMB,14,73.31334557863423,0.0066808239474648356,16
16,NPS_UAMB,15,72.9079491191467,6.4274883486388505,16
16,NPS_UAMB,16,78.2708851217526,3.0757147683465798,16
16,NPZ_AMB,1,,0.0,14
16,NPZ_AMB,2,,3.692049252217603,14
16,NPZ_AMB,3,,11.755526006841938,14
16,NPZ_AMB,4,,2.2779762520158315,14
16,NPZ_AMB,5,91.79231451370205,12.476105796732968,14
16,NPZ_AMB,6,90.38428227711731,3.511783228958638,14
16,NPZ_AMB,7,103.24658958839994,14.851475136001806,14
16,NPZ_AMB,8,106.48612125001046,16.210136701956788,14
16,NPZ_AMB,9,88.66266168952056,9.549500416641072,14
16,NPZ_AMB,10,111.49801601808,1.8414340651919714,14
16,NPZ_AMB,11,105.02583510302051,7.178659724534754,14
16,NPZ_AMB,12,76.97587539480216,1.1859047351893137,14
16,NPZ_AMB,13,95.5752934251967,6.841156154967354,14
16,NPZ_AMB,14,98.3558100477845,9.144742343523166,14
16,NPZ_UAMB,1,,0.0,14
16,NPZ_UAMB,2,,3.692049252217603,14
16,NPZ_UAMB,3,,11.755520503397111,14
16,NPZ_UAMB,4,,2.2779991257083965,14
16,NPZ_UAMB,5,94.64640691513438,15.108336212562284,14
16,NPZ_UAMB,6,65.19430741103525,2.912055303863602,14
16,NPZ_UAMB,7,104.04373215330914,16.134556518278014,14
16,NPZ_UAMB,8,103.70717542772447,8.480576646733457,14
16,NPZ_UAMB,9,90.295146798469,10.108227333805113,14
16,NPZ_UAMB,10,107.51255905604947,3.5662040431364583,14
16,NPZ_UAMB,11,101.39282868084976,7.504642520286156,14
16,NPZ_UAMB,12,74.91687013880872,1.3312421999452728,14
16,NPZ_UAMB,13,94.49079332949722,6.635193859877675,14
16,NPZ_UAMB,14,97.70938362889059,7.835709123197062,14
17,MVRR_AMB,1,,0.0,12
17,MVRR_AMB,2,,16.633054423179296,12
17,MVRR_AMB,3,,5.964714679974791,12
17,MVRR_AMB,4,,9.850441162565641,12
17,MVRR_AMB,5,80.91896065311651,3.9560498445633505,12
17,MVRR_AMB,6,90.804696432925,10.981132157565332,12
17,MVRR_AMB,7,96.20848150992612,21.72568085302016,12
17,MVRR_AMB,8,93.50112445680612,18.397644576173953,12
17,MVRR_AMB,9,98.77732670138303,6.938290580313462,12
17,MVRR_AMB,10,100.53999228458783,4.309812309978018,12
17,MVRR_AMB,11,85.78135728294562,3.652546213175623,12
17,MVRR_AMB,12,81.54123295062445,8.309486929793927,12
17,MVRR_UAMB,1,,0.0,14
17,MVRR_UAMB,2,,16.63306543006895,14
17,MVRR_UAMB,3,,5.964702985154533,14
17,MVRR_UAMB,4,,4.673277004658461,14
17,MVRR_UAMB,5,79.82024736658062,4.301357642861603,14
17,MVRR_UAMB,6,88.62545438918805,10.04533052666217,14
17,MVRR_UAMB,7,82.76740496275751,1.1396324590093734,14
17,MVRR_UAMB,8,84.54416345238825,2.2670852786672935,14
17,MVRR_UAMB,9,101.49194552547573,13.34330010855394,14
17,MVRR_UAMB,10,92.78616865833418,16.092433151567487,14
17,MVRR_UAMB,11,98.60307402588488,6.9756906155006915,14
17,MVRR_UAMB,12,99.4940293930608,4.999710394955124,14
17,MVRR_UAMB,13,85.49681019244879,2.997140968655563,14
17,MVRR_UAMB,14,81.40507410322945,9.227391014152401,14
17,NPS_AMB,1,,0.0,12
17,NPS_AMB,2,,16.633054423179296,12
17,NPS_AMB,3,,5.964714679974791,12
17,NPS_AMB,4,,12.435904508128486,12
17,NPS_AMB,5,76.98984107334832,3.000966894706657,12
17,NPS_AMB,6,86.08004817350327,10.647908204282002,12
17,NPS_AMB,7,89.25214031342958,18.52013337184086,12
17,NPS_AMB,8,93.16495721968552,23.96938165064964,12
17,NPS_AMB,9,98.44257636427108,4.8788636896386555,12
17,NPS_AMB,10,101.08581369061638,3.7047178382454593,12
17,NPS_AMB,11,85.99434975564446,4.417835300915552,12
17,NPS_AMB,12,81.56509120799349,9.014636436249546,12
17,NPS_UAMB,1,,0.0,13
17,NPS_UAMB,2,,16.63306543006895,13
17,NPS_UAMB,3,,5.964702985154533,13
17,NPS_UAMB,4,,12.435908635712106,13
17,NPS_UAMB,5,75.92546529272666,3.023876015697488,13
17,NPS_UAMB,6,67.74807453573004,3.0649420330705093,13
17,NPS_UAMB,7,80.79993869544381,9.838248968480675,13
17,NPS_UAMB,8,87.20739595670736,12.267636682524314,13
17,NPS_UAMB,9,92.08613359635619,11.606997661973196,13
17,NPS_UAMB,10,98.6607669558822,4.449650715463965,13
17,NPS_UAMB,11,100.7118413951829,3.2712830339573884,13
17,NPS_UAMB,12,85.2259741874512,4.648968976785512,13
17,NPS_UAMB,13,81.95478049959604,8.833981732199632,13
17,NPZ_AMB,1,,0.0,13
17,NPZ_AMB,2,,3.6803537440283285,13
17,NPZ_AMB,3,,15.825320705137027,13
17,NPZ_AMB,4,,5.89984282406934,13
17,NPZ_AMB,5,110.94152388460466,6.432239197386285,13
17,NPZ_AMB,6,89.04000216007606,2.1444012826916583,13
17,NPZ_AMB,7,90.28733035413572,9.92490001936079,13
17,NPZ_AMB,8,94.61561987504321,18.663295858002684,13
17,NPZ_AMB,9,90.65604202414525,18.038558559784477,13
17,NPZ_AMB,10,98.15054466040077,6.069011838764033,13
17,NPZ_AMB,11,98.99960171482378,4.020796841064276,13
17,NPZ_AMB,12,84.63009058334806,3.112539263592697,13
17,NPZ_AMB,13,80.6631957715183,9.980969631212432,13
17,NPZ_UAMB,1,,0.0,13
17,NPZ_UAMB,2,,3.6803537440283285,13
17,NPZ_UAMB,3,,15.825320705137027,13
17,NPZ_UAMB,4,,5.89984282406934,13
17,NPZ_UAMB,5,101.1931364071733,8.094527706289663,13
17,NPZ_UAMB,6,66.11173644342699,2.6777813967715383,13
17,NPZ_UAMB,7,87.52109448349238,13.49491588597097,13
17,NPZ_UAMB,8,87.08657536287042,11.675563705219181,13
17,NPZ_UAMB,9,90.94677929809302,9.8842990430757,13
17,NPZ_UAMB,10,96.79357817893184,5.175446395190362,13
17,NPZ_UAMB,11,97.5658248619552,3.0240397431811092,13
17,NPZ_UAMB,12,83.5117052701506,3.5310896573791952,13
17,NPZ_UAMB,13,80.19474599150621,8.239737129962055,13
18,MVRR_AMB,1,,0.0,12
18,MVRR_AMB,2,,13.881788795295048,12
18,MVRR_AMB,3,,13.418445520091332,12
18,MVRR_AMB,4,,1.6755444156839305,12
18,MVRR_AMB,5,91.90240300656006,3.786459128408742,12
18,MVRR_AMB,6,94.49582819537201,17.078887112802764,12
18,MVRR_AMB,7,95.95067678040613,21.320961647981353,12
18,MVRR_AMB,8,106.91746711069382,4.861312860118106,12
18,MVRR_AMB,9,96.23020823279465,7.764826129678654,12
18,MVRR_AMB,10,80.2694564625838,0.51404118093831,12
18,MVRR_AMB,11,81.69492294015149,7.300406243080536,12
18,MVRR_AMB,12,95.00561858023924,2.405814224072524,12
18,MVRR_UAMB,1,,0.0,14
18,MVRR_UAMB,2,,13.881799802184704,14
18,MVRR_UAMB,3,,9.23361162663411,14
18,MVRR_UAMB,4,,3.9788031492725002,14
18,MVRR_UAMB,5,92.24570307447452,9.487498607213219,14
18,MVRR_UAMB,6,80.67293838404518,0.6406892050336822,14
18,MVRR_UAMB,7,82.71030233537032,4.922774300056948,14
18,MVRR_UAMB,8,97.49051716233454,9.307324078724513,14
18,MVRR_UAMB,9,98.55904800114307,14.294939277809757,14
18,MVRR_UAMB,10,108.45296280182684,6.354697035626469,14
18,MVRR_UAMB,11,96.38069712619503,7.710586241249541,14
18,MVRR_UAMB,12,80.92134109891087,0.5188898448184224,14
18,MVRR_UAMB,13,82.26053689495612,7.654005324976884,14
18,MVRR_UAMB,14,95.53892750748217,2.480282367930818,14
18,NPS_AMB,1,,0.0,12
18,NPS_AMB,2,,13.881788795295048,12
18,NPS_AMB,3,,14.010935383342156,12
18,NPS_AMB,4,,2.6168125151447676,12
18,NPS_AMB,5,97.64760860248775,13.41666928327322,12
18,NPS_AMB,6,97.27380527251714,11.0644054691825,12
18,NPS_AMB,7,94.48217133440062,16.859682153596648,12
18,NPS_AMB,8,104.13352434191502,6.839733514479417,12
18,NPS_AMB,9,92.02179393249772,6.677711410823979,12
18,NPS_AMB,10,79.40652404043868,0.5584433607684309,12
18,NPS_AMB,11,82.00944134805255,7.041824136132872,12
18,NPS_AMB,12,94.67686062631796,2.2091310379318343,12
18,NPS_UAMB,1,,0.0,13
18,NPS_UAMB,2,,13.881799802184704,13
18,NPS_UAMB,3,,14.01092024886888,13
18,NPS_UAMB,4,,1.8673810877276433,13
18,NPS_UAMB,5,76.12603265086823,2.2397266225333397,13
18,NPS_UAMB,6,86.30771085025236,12.029230204314667,13
18,NPS_UAMB,7,95.22879424419241,10.516348355677987,13
18,NPS_UAMB,8,96.95195085608492,16.4360187156,13
18,NPS_UAMB,9,105.52686144850152,6.545186395583323,13
18,NPS_UAMB,10,93.02568526037,6.536850740461304,13
18,NPS_UAMB,11,80.04304179071806,0.5738015404774679,13
18,NPS_UAMB,12,81.59956125465234,6.655654291885521,13
18,NPS_UAMB,13,93.77520952314534,2.176731785279405,13
18,NPZ_AMB,1,,0.0,15
18,NPZ_AMB,2,,3.2443856352930487,15
18,NPZ_AMB,3,,11.36028717344929,15
18,NPZ_AMB,4,,13.216528256949946,15
18,NPZ_AMB,5,83.62170186596211,3.2136891398711493,15
18,NPZ_AMB,6,99.3717357619778,9.424861149907777,15
18,NPZ_AMB,7,99.70570014140868,13.095488243133907,15
18,NPZ_AMB,8,97.59344051924883,20.352326465236672,15
18,NPZ_AMB,9,105.79709409417819,5.6463706656441115,15
18,NPZ_AMB,10,86.39586822609098,0.8009404893245116,15
18,NPZ_AMB,11,75.23346679481826,2.4587270943675787,15
18,NPZ_AMB,12,86.38505508822911,9.331622475569013,15
18,NPZ_AMB,13,86.94936042759187,3.550793709688547,15
18,NPZ_AMB,14,69.40823027550435,1.2114362476405012,15
18,NPZ_AMB,15,77.03322604125779,10.756774598139366,15
18,NPZ_UAMB,1,,0.0,15
18,NPZ_UAMB,2,,3.2443856352930487,15
18,NPZ_UAMB,3,,11.36028717344929,15
18,NPZ_UAMB,4,,21.301118289724805,15
18,NPZ_UAMB,5,75.54740531306405,3.591977019229457,15
18,NPZ_UAMB,6,92.48345045929118,12.460870885588937,15
18,NPZ_UAMB,7,95.17485458034862,10.390766624017965,15
18,NPZ_UAMB,8,95.84357854518971,14.431276116524137,15
18,NPZ_UAMB,9,103.97304776359078,6.021680837385381,15
18,NPZ_UAMB,10,85.77510147270357,0.6581608795391722,15
18,NPZ_UAMB,11,73.50740722469287,2.506502670898711,15
18,NPZ_UAMB,12,85.37656257687331,9.237409691495763,15
18,NPZ_UAMB,13,86.44026312157611,4.025832493081539,15
18,NPZ_UAMB,14,68.70350931255625,1.199427043096053,15
18,NPZ_UAMB,15,77.84065926387606,7.307767960450719,15
19,MVRR_AMB,1,,0.0,12
19,MVRR_AMB,2,,13.461556755148413,12
19,MVRR_AMB,3,,9.300361533086983,12
19,MVRR_AMB,4,,4.786908349840631,12
19,MVRR_AMB,5,93.33208843253679,3.671489414237558,12
19,MVRR_AMB,6,103.23470554000457,16.287644467186432,12
19,MVRR_AMB,7,90.02056772013188,11.038771111106097,12
19,MVRR_AMB,8,93.59348620921516,12.001363511430064,12
19,MVRR_AMB,9,87.06551787979076,10.629406998632785,12
19,MVRR_AMB,10,81.3647143087768,2.9429330689995106,12
19,MVRR_AMB,11,61.76931747245861,0.6732841309471306,12
19,MVRR_AMB,12,75.15437188855371,8.804962239606295,12
19,MVRR_UAMB,1,,0.0,14
19,MVRR_UAMB,2,,13.461573265482896,14
19,MVRR_UAMB,3,,5.831788601192323,14
19,MVRR_UAMB,4,,2.40135247816119,14
19,MVRR_UAMB,5,88.91291115545798,9.891996298597716,14
19,MVRR_UAMB,6,83.74159031668374,3.9136358271728664,14
19,MVRR_UAMB,7,81.94081646075163,3.444154491159856,14
19,MVRR_UAMB,8,105.01513157729931,10.134893587786692,14
19,MVRR_UAMB,9,91.05561419178244,14.155786051204847,14
19,MVRR_UAMB,10,94.82088279576875,11.539321800928077,14
19,MVRR_UAMB,11,86.53530192130219,10.377744097694633,14
19,MVRR_UAMB,12,81.39061586459853,2.525130971726916,14
19,MVRR_UAMB,13,61.951278000253176,0.7214616309333292,14
19,MVRR_UAMB,14,74.93911462112779,8.697563889656696,14
19,NPS_AMB,1,,0.0,12
19,NPS_AMB,2,,13.461556755148413,12
19,NPS_AMB,3,,7.872712910356705,12
19,NPS_AMB,4,,4.9933773058197515,12
19,NPS_AMB,5,92.22059144646394,8.198975005933107,12
19,NPS_AMB,6,98.6218225661866,10.31301120377108,12
19,NPS_AMB,7,91.08356436420523,13.462138744438933,12
19,NPS_AMB,8,90.59651826646186,11.132724545341846,12
19,NPS_AMB,9,98.20994129857975,5.897287849808122,12
19,NPS_AMB,10,97.04669947863339,0.08016367718354453,12
19,NPS_AMB,11,91.65416156401122,6.615790777207333,12
19,NPS_AMB,12,84.28943846749821,8.470093100284812,12
19,NPS_UAMB,1,,0.0,13
19,NPS_UAMB,2,,13.461573265482896,13
19,NPS_UAMB,3,,7.872686081063169,13
19,NPS_UAMB,4,,1.834833199069206,13
19,NPS_UAMB,5,71.10510327171981,3.2026801864241192,13
19,NPS_UAMB,6,83.76701407122341,6.939669881173381,13
19,NPS_UAMB,7,95.28612279791149,9.314651227581871,13
19,NPS_UAMB,8,89.80327887378252,13.673660894665705,13
19,NPS_UAMB,9,91.52614017445514,10.803754754910258,13
19,NPS_UAMB,10,98.05368907560134,5.869071688176966,13
19,NPS_UAMB,11,97.19592731694175,0.0733632950624047,13
19,NPS_UAMB,12,91.76979506681812,6.482903910469261,13
19,NPS_UAMB,13,84.60385421726156,8.53069634679585,13
19,NPZ_AMB,1,,0.0,13
19,NPZ_AMB,2,,3.6803537440283285,13
19,NPZ_AMB,3,,13.299305570602026,13
19,NPZ_AMB,4,,10.847084751899239,13
19,NPZ_AMB,5,81.92262894115397,3.376673658440816,13
19,NPZ_AMB,6,95.67054570731528,10.17125072017909,13
19,NPZ_AMB,7,96.66091976743897,16.82141532584907,13
19,NPZ_AMB,8,89.39709520814337,13.39780485026538,13
19,NPZ_AMB,9,92.27046385250905,11.477491974151087,13
19,NPZ_AMB,10,96.70153065181206,5.779688864870547,13
19,NPZ_AMB,11,96.77692183012287,0.06648949247271996,13
19,NPZ_AMB,12,90.96672229184479,5.65666348333295,13
19,NPZ_AMB,13,83.84844678999974,8.012930881553105,13
19,NPZ_UAMB,1,,0.0,13
19,NPZ_UAMB,2,,3.6803537440283285,13
19,NPZ_UAMB,3,,13.299305570602026,13
19,NPZ_UAMB,4,,15.166641598875145,13
19,NPZ_UAMB,5,65.14697409414275,2.175850374193733,13
19,NPZ_UAMB,6,93.90252460143972,8.818849322715515,13
19,NPZ_UAMB,7,94.95615286586973,7.323565426845722,13
19,NPZ_UAMB,8,91.75576060109267,13.486484608495072,13
19,NPZ_UAMB,9,91.05580350263365,11.250095137319075,13
19,NPZ_UAMB,10,96.56597718019442,5.449801375013956,13
19,NPZ_UAMB,11,95.94260069081186,0.06678754915558088,13
19,NPZ_UAMB,12,90.27009083481745,4.8707729378114655,13
19,NPZ_UAMB,13,83.4781693263936,7.775147152522233,13
20,MVRR_AMB,1,,0.0,12
20,MVRR_AMB,2,,14.487426388239033,12
20,MVRR_AMB,3,,12.129478203571995,12
20,MVRR_AMB,4,,2.0745056415718532,12
20,MVRR_AMB,5,94.95774178618896,9.586089381646833,12
20,MVRR_AMB,6,96.30163743987207,14.051010092715604,12
20,MVRR_AMB,7,81.8339184852775,5.552933179360951,12
20,MVRR_AMB,8,92.27236191958542,11.329317225612519,12
20,MVRR_AMB,9,92.53476144490179,5.31782464046425,12
20,MVRR_AMB,10,58.99680857038771,2.117460200433999,12
20,MVRR_AMB,11,78.44770720195704,10.92952360369442,12
20,MVRR_AMB,12,87.90499085653373,10.841350162388869,12
20,MVRR_UAMB,1,,0.0,14
20,MVRR_UAMB,2,,14.487453905463171,14
20,MVRR_UAMB,3,,6.597203580232684,14
20,MVRR_UAMB,4,,4.1521602854810045,14
20,MVRR_UAMB,5,87.77763130276047,9.176060728210585,14
20,MVRR_UAMB,6,88.07271551062512,10.451149044805295,14
20,MVRR_UAMB,7,85.36268600050234,11.435012259387973,14
20,MVRR_UAMB,8,100.67978479938729,9.836599310893599,14
20,MVRR_UAMB,9,83.81826910498698,4.895715925631401,14
20,MVRR_UAMB,10,93.3459078785559,11.85923704875704,14
20,MVRR_UAMB,11,91.15296379526805,4.879617661580038,14
20,MVRR_UAMB,12,59.794494945627214,1.5160520048400332,14
20,MVRR_UAMB,13,78.41707218480246,12.112030907607265,14
20,MVRR_UAMB,14,88.00162063025084,9.729229510064043,14
20,NPS_AMB,1,,0.0,12
20,NPS_AMB,2,,14.487426388239033,12
20,NPS_AMB,3,,13.69699137315115,12
20,NPS_AMB,4,,2.3633725174752507,12
20,NPS_AMB,5,90.78934161753433,10.067827921186835,12
20,NPS_AMB,6,93.57273543252937,10.315274495456434,12
20,NPS_AMB,7,82.30114157064645,6.489533497694721,12
20,NPS_AMB,8,90.7848835465168,11.67683912855798,12
20,NPS_AMB,9,104.42485868156145,10.157697111429894,12
20,NPS_AMB,10,79.46788011948227,5.130295445894047,12
20,NPS_AMB,11,93.28674754427801,0.5422115521886736,12
20,NPS_AMB,12,89.22144368148324,1.4570352084289893,12
20,NPS_UAMB,1,,0.0,13
20,NPS_UAMB,2,,14.487453905463171,13
20,NPS_UAMB,3,,13.697010635208047,13
20,NPS_UAMB,4,,1.8241823135012722,13
20,NPS_UAMB,5,71.68064382085386,1.6191315264611663,13
20,NPS_UAMB,6,85.1001511876884,8.702099932073203,13
20,NPS_UAMB,7,94.15045660109132,8.903628514423637,13
20,NPS_UAMB,8,83.93019940695186,6.254337591611382,13
20,NPS_UAMB,9,90.90170216692135,11.558329323501434,13
20,NPS_UAMB,10,103.86091820192824,10.048619522877269,13
20,NPS_UAMB,11,79.34712494136696,4.806500269461621,13
20,NPS_UAMB,12,93.10960929799197,0.3990746054505041,13
20,NPS_UAMB,13,87.84493112963098,1.566580816023045,13
20,NPZ_AMB,1,,0.0,12
20,NPZ_AMB,2,,4.093419955044114,12
20,NPZ_AMB,3,,11.976902075032546,12
20,NPZ_AMB,4,,10.55000948803546,12
20,NPZ_AMB,5,89.89012993440541,3.724584242177226,12
20,NPZ_AMB,6,94.4345005558958,5.756464327698033,12
20,NPZ_AMB,7,99.13434541530849,12.900188872397724,12
20,NPZ_AMB,8,78.69638256564893,5.652693435820432,12
20,NPZ_AMB,9,90.4009110862282,12.207195099705087,12
20,NPZ_AMB,10,100.08164821357693,7.624028061000893,12
20,NPZ_AMB,11,79.99440569599939,2.776086164056767,12
20,NPZ_AMB,12,93.64817011456292,12.035022064047773,12
20,NPZ_UAMB,1,,0.0,12
20,NPZ_UAMB,2,,4.093421330905321,12
20,NPZ_UAMB,3,,11.976917209505821,12
20,NPZ_UAMB,4,,13.010396214983865,12
20,NPZ_UAMB,5,62.84782247142008,1.5643495487165342,12
20,NPZ_UAMB,6,91.88900384869838,8.027981599278062,12
20,NPZ_UAMB,7,90.79170563302014,6.232479972547925,12
20,NPZ_UAMB,8,79.91249208801545,5.573187576153065,12
20,NPZ_UAMB,9,89.41833053991398,12.540218177252209,12
20,NPZ_UAMB,10,96.53802833406841,7.455254606403185,12
20,NPZ_UAMB,11,78.7607662552926,2.000249380339422,12
20,NPZ_UAMB,12,92.89769788912143,12.370628235019531,12
21,MVRR_AMB,1,,0.0,12
21,MVRR_AMB,2,,17.229237097909447,12
21,MVRR_AMB,3,,13.667337436558782,12
21,MVRR_AMB,4,,2.4768497662022475,12
21,MVRR_AMB,5,110.40137729991389,11.740794660899633,12
21,MVRR_AMB,6,101.21660577148936,19.229264620629255,12
21,MVRR_AMB,7,80.43533030401775,9.231488672791858,12
21,MVRR_AMB,8,84.84568245176106,1.6790177773007557,12
21,MVRR_AMB,9,79.65237320055245,6.266762306240315,12
21,MVRR_AMB,10,61.895009686589304,3.733939410453559,12
21,MVRR_AMB,11,75.34419666518973,8.026182660750036,12
21,MVRR_AMB,12,81.48163371953493,12.389706012505766,12
21,MVRR_UAMB,1,,0.0,14
21,MVRR_UAMB,2,,17.229264615133584,14
21,MVRR_UAMB,3,,6.2114478702086116,14
21,MVRR_UAMB,4,,4.054542932851274,14
21,MVRR_UAMB,5,92.274736038415,10.32019319927111,14
21,MVRR_UAMB,6,84.61740661467535,2.625292807676162,14
21,MVRR_UAMB,7,91.82730039003621,10.826610561279322,14
21,MVRR_UAMB,8,102.09219076333127,19.011494684661937,14
21,MVRR_UAMB,9,82.2825116733142,9.153299168334195,14
21,MVRR_UAMB,10,87.52583457052215,1.5239704300510586,14
21,MVRR_UAMB,11,80.5419065562638,6.813613477396977,14
21,MVRR_UAMB,12,62.730352189703886,4.180741738262593,14
21,MVRR_UAMB,13,76.05999723776631,7.67891254040544,14
21,MVRR_UAMB,14,82.3526230948803,13.335378243689897,14
21,NPS_AMB,1,,0.0,13
21,NPS_AMB,2,,17.229264615133584,13
21,NPS_AMB,3,,10.35537672205402,13
21,NPS_AMB,4,,3.512230727816183,13
21,NPS_AMB,5,116.83019961321101,10.385225343007166,13
21,NPS_AMB,6,98.87009520154251,17.460314363469923,13
21,NPS_AMB,7,83.04308876222085,9.623122749822421,13
21,NPS_AMB,8,83.41359588298224,1.9036713188688554,13
21,NPS_AMB,9,80.40907488934451,5.443877604587637,13
21,NPS_AMB,10,61.966978001384064,4.3682819397224515,13
21,NPS_AMB,11,81.96277898926276,6.269778881936448,13
21,NPS_AMB,12,84.21519745339346,9.569503374797623,13
21,NPS_AMB,13,99.63652472809605,12.231787242917264,13
21,NPS_UAMB,1,,0.0,14
21,NPS_UAMB,2,,17.229264615133584,14
21,NPS_UAMB,3,,10.35537672205402,14
21,NPS_UAMB,4,,2.8946561630411134,14
21,NPS_UAMB,5,78.32756947992532,3.2846811703902046,14
21,NPS_UAMB,6,95.18148720518842,10.891729384271413,14
21,NPS_UAMB,7,97.83955730892428,15.80085926873951,14
21,NPS_UAMB,8,79.72281205264483,10.163010687410951,14
21,NPS_UAMB,9,83.32603794632006,1.9757047043388851,14
21,NPS_UAMB,10,79.73368660576533,5.226618801058686,14
21,NPS_UAMB,11,62.15215667953068,4.5498213225284045,14
21,NPS_UAMB,12,82.20414599424643,5.638159525961318,14
21,NPS_UAMB,13,84.20459316726092,9.661893142771726,14
21,NPS_UAMB,14,99.40332367910965,12.109621774633979,14
21,NPZ_AMB,1,,0.0,16
21,NPZ_AMB,2,,4.093421330905321,16
21,NPZ_AMB,3,,15.859494345794072,16
21,NPZ_AMB,4,,8.70714039960469,16
21,NPZ_AMB,5,85.12226896899669,5.404900144526694,16
21,NPZ_AMB,6,117.73100919349334,7.683395096217528,16
21,NPZ_AMB,7,99.80376505782944,21.533360221796922,16
21,NPZ_AMB,8,77.96995742077151,8.057600451409655,16
21,NPZ_AMB,9,85.86873472652283,3.3472770078941374,16
21,NPZ_AMB,10,80.58192438184712,6.665219278995908,16
21,NPZ_AMB,11,62.41363436154359,4.446345896844985,16
21,NPZ_AMB,12,89.47266707850613,8.926037165900459,16
21,NPZ_AMB,13,80.70437433747229,6.570660465829121,16
21,NPZ_AMB,14,72.40044032106731,2.8084827079824453,16
21,NPZ_AMB,15,77.19149235239136,8.313821580526273,16
21,NPZ_AMB,16,82.69162618245528,9.928579244210697,16
21,NPZ_UAMB,1,,0.0,16
21,NPZ_UAMB,2,,4.093421330905321,16
21,NPZ_UAMB,3,,15.859494345794072,16
21,NPZ_UAMB,4,,13.185051304258431,16
21,NPZ_UAMB,5,64.98669746419553,2.701755434336512,16
21,NPZ_UAMB,6,113.78381036932689,10.045568550650962,16
21,NPZ_UAMB,7,96.80223403904328,14.247582135068173,16
21,NPZ_UAMB,8,78.36289568783714,8.434764596127225,16
21,NPZ_UAMB,9,83.52714224551119,2.0453731563769004,16
21,NPZ_UAMB,10,78.28508442258315,5.643799181048411,16
21,NPZ_UAMB,11,61.354333732177096,4.704821718514416,16
21,NPZ_UAMB,12,88.28490718149305,8.812095907981433,16
21,NPZ_UAMB,13,80.05089288102032,6.661679876041151,16
21,NPZ_UAMB,14,71.47057932203907,2.7246734984251884,16
21,NPZ_UAMB,15,76.56269489628694,7.9484217370583234,16
21,NPZ_UAMB,16,82.40214465295863,9.45010871900239,16
22,MVRR_AMB,1,,0.0,12
22,MVRR_AMB,2,,16.8573803377975,12
22,MVRR_AMB,3,,12.075399978834692,12
22,MVRR_AMB,4,,3.748135546386379,12
22,MVRR_AMB,5,86.57654511528783,4.8459386430268765,12
22,MVRR_AMB,6,89.87499423496017,19.080081365826025,12
22,MVRR_AMB,7,81.12935352436818,8.897832011158957,12
22,MVRR_AMB,8,88.97536697556087,3.688129423639138,12
22,MVRR_AMB,9,79.7903018095502,11.492963533422705,12
22,MVRR_AMB,10,91.75118796064136,13.041609518271608,12
22,MVRR_AMB,11,88.31239862227535,2.1564808281403094,12
22,MVRR_AMB,12,89.7435029144142,4.12451648211192,12
22,MVRR_UAMB,1,,0.0,14
22,MVRR_UAMB,2,,16.8573803377975,14
22,MVRR_UAMB,3,,3.8975430665663318,14
22,MVRR_UAMB,4,,3.81721719361965,14
22,MVRR_UAMB,5,93.0983566458808,10.718539415199547,14
22,MVRR_UAMB,6,86.60916843573418,4.542244798827294,14
22,MVRR_UAMB,7,77.06595604028934,5.042689203371041,14
22,MVRR_UAMB,8,89.47864148401442,11.019587478298256,14
22,MVRR_UAMB,9,84.05168924000806,9.549041566928569,14
22,MVRR_UAMB,10,90.30863919576579,4.234448824439332,14
22,MVRR_UAMB,11,82.16000151369768,11.20701141948613,14
22,MVRR_UAMB,12,92.154900804697,12.357615253733321,14
22,MVRR_UAMB,13,87.74769101915429,1.8606909626090802,14
22,MVRR_UAMB,14,90.20278579189555,3.8662805762404426,14
22,NPS_AMB,1,,0.0,14
22,NPS_AMB,2,,16.8573803377975,14
22,NPS_AMB,3,,10.578872992364463,14
22,NPS_AMB,4,,3.979581542750305,14
22,NPS_AMB,5,96.05931483930114,10.464167443545005,14
22,NPS_AMB,6,95.57515843887663,11.698477297758934,14
22,NPS_AMB,7,79.98903866942517,9.183795819915792,14
22,NPS_AMB,8,84.71319096119156,3.159822797759711,14
22,NPS_AMB,9,78.19775930710755,1.2933402333915,14
22,NPS_AMB,10,80.76981534537826,3.145248299994993,14
22,NPS_AMB,11,66.01150072134884,3.4173265734864646,14
22,NPS_AMB,12,76.00680641345477,7.530665559153508,14
22,NPS_AMB,13,89.32213638366592,8.3080663530978,14
22,NPS_AMB,14,97.80471660786534,12.33529057345759,14
22,NPS_UAMB,1,,0.0,15
22,NPS_UAMB,2,,16.8573803377975,15
22,NPS_UAMB,3,,10.578872992364463,15
22,NPS_UAMB,4,,1.4510126378326416,15
22,NPS_UAMB,5,73.68349213618234,3.634876715625978,15
22,NPS_UAMB,6,81.62256320795977,9.043600378446653,15
22,NPS_UAMB,7,91.82382636928543,11.199061693432649,15
22,NPS_UAMB,8,78.5174849118185,9.211381149183582,15
22,NPS_UAMB,9,85.05456520048052,3.770520808222682,15
22,NPS_UAMB,10,79.01352036470993,1.232037275465428,15
22,NPS_UAMB,11,81.42195505865739,2.986987800879226,15
22,NPS_UAMB,12,66.06123768597962,3.484878950988264,15
22,NPS_UAMB,13,76.54937606562852,7.832984918007396,15
22,NPS_UAMB,14,89.06874582328088,7.224927873131073,15
22,NPS_UAMB,15,97.98565691132197,11.988536941198596,15
22,NPZ_AMB,1,,0.0,16
22,NPZ_AMB,2,,3.344551426843264,16
22,NPZ_AMB,3,,17.588298348797196,16
22,NPZ_AMB,4,,9.183055606586478,16
22,NPZ_AMB,5,88.21370851921492,2.4399828772326924,16
22,NPZ_AMB,6,90.86246001350415,7.534649365278095,16
22,NPZ_AMB,7,97.84622822013908,16.933916745015072,16
22,NPZ_AMB,8,80.38038860573224,8.558782661525603,16
22,NPZ_AMB,9,91.11584882292095,11.858016659866516,16
22,NPZ_AMB,10,81.16450554434351,4.663037501591392,16
22,NPZ_AMB,11,89.02035904102057,7.564969218694605,16
22,NPZ_AMB,12,83.37571269799629,11.638661731788849,16
22,NPZ_AMB,13,89.99117302814298,2.9914713885872195,16
22,NPZ_AMB,14,84.47853545208997,4.857860136419385,16
22,NPZ_AMB,15,70.63510681237074,3.0471346054348727,16
22,NPZ_AMB,16,84.70619531148793,1.1035493057287158,16
22,NPZ_UAMB,1,,0.0,16
22,NPZ_UAMB,2,,3.344551426843264,16
22,NPZ_UAMB,3,,17.588298348797196,16
22,NPZ_UAMB,4,,11.470648096542654,16
22,NPZ_UAMB,5,63.85977857310877,2.203708123980491,16
22,NPZ_UAMB,6,91.87724587438649,10.555119436557897,16
22,NPZ_UAMB,7,90.59483260097738,7.9027135639732125,16
22,NPZ_UAMB,8,77.50078362683675,7.274713410902839,16
22,NPZ_UAMB,9,89.29035378392955,12.25672059970875,16
22,NPZ_UAMB,10,79.76316395295225,4.79524022134433,16
22,NPZ_UAMB,11,87.24438722137785,7.60492560400426,16
22,NPZ_UAMB,12,82.43093816811252,11.711814896298646,16
22,NPZ_UAMB,13,89.2055320013795,2.4752073318865078,16
22,NPZ_UAMB,14,84.22160940516166,5.0062154667413585,16
22,NPZ_UAMB,15,70.22779596437029,3.1568560970323274,16
22,NPZ_UAMB,16,85.30989352511237,0.818167926967945,16
23,MVRR_AMB,1,,0.0,12
23,MVRR_AMB,2,,8.364266155816146,12
23,MVRR_AMB,3,,15.440784008142272,12
23,MVRR_AMB,4,,12.083832632171799,12
23,MVRR_AMB,5,81.97434663362884,3.891323485980529,12
23,MVRR_AMB,6,101.17968805110112,5.580759628305252,12
23,MVRR_AMB,7,94.66169036543606,21.250692288561225,12
23,MVRR_AMB,8,89.76759410719396,18.367484322657443,12
23,MVRR_AMB,9,97.2255823362247,13.942311553925482,12
23,MVRR_AMB,10,100.41647213331544,2.7971089793329353,12
23,MVRR_AMB,11,92.48876722896095,14.277531881820027,12
23,MVRR_AMB,12,88.88768263539784,7.743310412125114,12
23,MVRR_UAMB,1,,0.0,14
23,MVRR_UAMB,2,,8.364288169595456,14
23,MVRR_UAMB,3,,15.440796390893134,14
23,MVRR_UAMB,4,,6.879793089379589,14
23,MVRR_UAMB,5,76.86263607426503,4.044256306537868,14
23,MVRR_UAMB,6,88.9647629943745,9.055920527623861,14
23,MVRR_UAMB,7,84.38535229012895,0.8195157335049255,14
23,MVRR_UAMB,8,86.74996354020023,9.369869353329092,14
23,MVRR_UAMB,9,98.437670482131,24.123885360739962,14
23,MVRR_UAMB,10,92.69227839634767,20.18514144240233,14
23,MVRR_UAMB,11,96.51842766036637,10.466080578553203,14
23,MVRR_UAMB,12,104.91215699952325,0.8890098811262912,14
23,MVRR_UAMB,13,96.73454900019713,12.856770820291501,14
23,MVRR_UAMB,14,88.48233171548429,6.938105354998482,14
23,NPS_AMB,1,,0.0,12
23,NPS_AMB,2,,8.364266155816146,12
23,NPS_AMB,3,,15.440784008142272,12
23,NPS_AMB,4,,11.760197055639372,12
23,NPS_AMB,5,86.14379636302039,3.282441956275971,12
23,NPS_AMB,6,102.35831345280677,4.757609041474341,12
23,NPS_AMB,7,96.41804204864066,18.024274368734417,12
23,NPS_AMB,8,94.10437638946803,17.912833738558938,12
23,NPS_AMB,9,95.28134755145308,7.837245272234569,12
23,NPS_AMB,10,104.97936013919147,0.7281828849116986,12
23,NPS_AMB,11,97.37662738375562,12.778495324508407,12
23,NPS_AMB,12,89.20622735389924,7.060561989909677,12
23,NPS_UAMB,1,,0.0,13
23,NPS_UAMB,2,,8.364288169595456,13
23,NPS_UAMB,3,,15.440796390893134,13
23,NPS_UAMB,4,,11.760214941835061,13
23,NPS_UAMB,5,75.79786334515443,1.8327494572713523,13
23,NPS_UAMB,6,72.8508375192002,2.6557041558629306,13
23,NPS_UAMB,7,83.4525706879791,5.11349446073126,13
23,NPS_UAMB,8,91.92332532288289,17.426488815698224,13
23,NPS_UAMB,9,94.12919306835529,18.332478285970225,13
23,NPS_UAMB,10,93.92811801139152,7.97293270445929,13
23,NPS_UAMB,11,105.08121238589317,0.5922824951695462,13
23,NPS_UAMB,12,97.23396785495733,12.91562053169434,13
23,NPS_UAMB,13,88.88371936344848,6.259716005051814,13
23,NPZ_AMB,1,,0.0,13
23,NPZ_AMB,2,,4.093421330905321,13
23,NPZ_AMB,3,,8.115315077316799,13
23,NPZ_AMB,4,,13.056104216086325,13
23,NPZ_AMB,5,96.66420944495125,7.722414520045282,13
23,NPZ_AMB,6,82.18749209468493,5.0027761576894045,13
23,NPZ_AMB,7,106.848318775792,5.713327983173926,13
23,NPZ_AMB,8,97.97841898524553,20.234350494328403,13
23,NPZ_AMB,9,92.23792023655939,20.109683710370973,13
23,NPZ_AMB,10,97.17631469340787,9.380815705091207,13
23,NPZ_AMB,11,102.77168291823192,0.9128771174650792,13
23,NPZ_AMB,12,96.55562686093253,13.319313344272802,13
23,NPZ_AMB,13,87.4695245899832,7.278685866172468,13
23,NPZ_UAMB,1,,0.0,13
23,NPZ_UAMB,2,,4.093421330905321,13
23,NPZ_UAMB,3,,8.115315077316799,13
23,NPZ_UAMB,4,,13.056104216086325,13
23,NPZ_UAMB,5,95.9121096082491,10.8942386111475,13
23,NPZ_UAMB,6,65.53969854867786,3.3300209566371666,13
23,NPZ_UAMB,7,100.12550269814652,6.003161745540474,13
23,NPZ_UAMB,8,91.62487811529417,15.574470938172157,13
23,NPZ_UAMB,9,92.56339579736789,21.99682319692564,13
23,NPZ_UAMB,10,94.39058725239855,8.174603000514038,13
23,NPZ_UAMB,11,102.50934301798182,1.0785242714354037,13
23,NPZ_UAMB,12,96.77260208341734,13.389828982848966,13
23,NPZ_UAMB,13,87.27043961095266,5.653365028072051,13
24,MVRR_AMB,1,,0.0,13
24,MVRR_AMB,2,,17.56731921711435,13
24,MVRR_AMB,3,,11.187935103852428,13
24,MVRR_AMB,4,,13.14633732161861,13
24,MVRR_AMB,5,78.60411912597678,3.115339829079347,13
24,MVRR_AMB,6,111.87951706974934,10.683452890631724,13
24,MVRR_AMB,7,102.43114880594428,16.18919747024894,13
24,MVRR_AMB,8,87.64118229832464,12.492735831140799,13
24,MVRR_AMB,9,103.72737106987525,3.955700031851496,13
24,MVRR_AMB,10,98.77030200952507,9.282623930407595,13
24,MVRR_AMB,11,80.72260705235804,3.0557075966150817,13
24,MVRR_AMB,12,88.22123474979297,7.830412745481091,13
24,MVRR_AMB,13,86.46000280824444,10.076003976408852,13
24,MVRR_UAMB,1,,0.0,15
24,MVRR_UAMB,2,,17.56731921711435,15
24,MVRR_UAMB,3,,11.18792340903217,15
24,MVRR_UAMB,4,,5.633049577438882,15
24,MVRR_UAMB,5,72.14087992966039,4.305707428067225,15
24,MVRR_UAMB,6,90.41634410502996,8.464920722060114,15
24,MVRR_UAMB,7,82.67119237247485,3.4883096609076754,15
24,MVRR_UAMB,8,92.13807170054625,11.41129929148701,15
24,MVRR_UAMB,9,101.10477858316467,13.839588380356936,15
24,MVRR_UAMB,10,91.12441196140553,12.861265758854453,15
24,MVRR_UAMB,11,103.32323836591576,3.6629642342342885,15
24,MVRR_UAMB,12,98.74510602455952,8.866313094700633,15
24,MVRR_UAMB,13,80.08624142249656,2.35189301949546,15
24,MVRR_UAMB,14,88.58913929584976,7.339127792956996,15
24,MVRR_UAMB,15,86.75066316422323,9.192659289793308,15
24,NPS_AMB,1,,0.0,14
24,NPS_AMB,2,,17.56731921711435,14
24,NPS_AMB,3,,11.187935103852428,14
24,NPS_AMB,4,,11.227935516720704,14
24,NPS_AMB,5,76.40283895231727,2.721467053882502,14
24,NPS_AMB,6,112.69935621165979,9.502728014912421,14
24,NPS_AMB,7,102.64384292852975,13.788303153869647,14
24,NPS_AMB,8,88.41713915600312,11.38018419029291,14
24,NPS_AMB,9,104.62655766416158,4.314565566482565,14
24,NPS_AMB,10,99.13718305252958,8.027992606167716,14
24,NPS_AMB,11,78.94546430396402,2.769130325742621,14
24,NPS_AMB,12,101.93381781672367,10.272693654894612,14
24,NPS_AMB,13,105.53178093583641,5.916647592850446,14
24,NPS_AMB,14,99.29101025895996,4.421145536988034,14
24,NPS_UAMB,1,,0.0,15
24,NPS_UAMB,2,,17.56731921711435,15
24,NPS_UAMB,3,,11.18792340903217,15
24,NPS_UAMB,4,,11.227928637414669,15
24,NPS_UAMB,5,73.33248604310386,1.6046901432682161,15
24,NPS_UAMB,6,76.26976049072383,2.2467429987405896,15
24,NPS_UAMB,7,90.55002827809628,7.78104271779381,15
24,NPS_UAMB,8,99.03092369237571,11.378895008342042,15
24,NPS_UAMB,9,89.53971086868529,10.889129006590368,15
24,NPS_UAMB,10,103.93372392817473,4.4012324397665585,15
24,NPS_UAMB,11,98.91729364384874,7.361398858313126,15
24,NPS_UAMB,12,78.82262106965943,2.707339195062075,15
24,NPS_UAMB,13,102.4638328095934,9.390697140279181,15
24,NPS_UAMB,14,105.39877746832634,6.472036670726542,15
24,NPS_UAMB,15,99.23324285585586,4.5017181190473785,15
24,NPZ_AMB,1,,0.0,14
24,NPZ_AMB,2,,3.692049252217603,14
24,NPZ_AMB,3,,16.177037608902335,14
24,NPZ_AMB,4,,14.447947426768174,14
24,NPZ_AMB,5,110.19520504532241,9.507038588073646,14
24,NPZ_AMB,6,77.99025604681863,4.482053278782423,14
24,NPZ_AMB,7,106.60616560384314,4.353695747137475,14
24,NPZ_AMB,8,98.47501845321456,17.474763657864813,14
24,NPZ_AMB,9,85.99805976757534,11.703665670370164,14
24,NPZ_AMB,10,103.18168198965158,3.7213079726782894,14
24,NPZ_AMB,11,99.4712829862387,9.607026549562871,14
24,NPZ_AMB,12,80.1513016024002,3.1204050621125585,14
24,NPZ_AMB,13,88.35429852649551,8.219250384608626,14
24,NPZ_AMB,14,86.33892658090983,10.719632536928431,14
24,NPZ_UAMB,1,,0.0,14
24,NPZ_UAMB,2,,3.692049252217603,14
24,NPZ_UAMB,3,,16.177076133016126,14
24,NPZ_UAMB,4,,14.447946050906966,14
24,NPZ_UAMB,5,117.41281952508659,12.443486879239725,14
24,NPZ_UAMB,6,64.78339866345827,2.4359414569200672,14
24,NPZ_UAMB,7,109.93853156025081,7.295550828881377,14
24,NPZ_UAMB,8,96.88848652397964,10.133620228239703,14
24,NPZ_UAMB,9,85.79248662791356,11.454432540323403,14
24,NPZ_UAMB,10,102.55076739332598,4.1066254709079635,14
24,NPZ_UAMB,11,98.03494617458752,9.228150833503912,14
24,NPZ_UAMB,12,80.49859880436416,3.941576816562642,14
24,NPZ_UAMB,13,87.12425632687228,8.225971466604344,14
24,NPZ_UAMB,14,85.9528947467127,11.092902134517214,14
