item,Type,WordPosition,surp_xl,surp_pythia410m
1,MVRR_AMB,1,0.0,0.0
1,MVRR_AMB,2,12.470760575944153,15.689443404065754
1,MVRR_AMB,3,12.75771569270056,10.907471300270187
1,MVRR_AMB,4,3.328138778506124,3.910859683222639
1,MVRR_AMB,5,11.899815323332215,13.119210842063321
1,MVRR_AMB,6,24.710236131285587,26.164813109557358
1,MVRR_AMB,7,12.10091119733308,9.504961725581827
1,MVRR_AMB,8,1.0002679517178796,1.6773607244596926
1,MVRR_AMB,9,11.072380648668311,12.534509729104771
1,MVRR_AMB,10,1.0809295347990455,1.256723321204974
1,MVRR_AMB,11,9.508973048930551,9.891125378453747
1,MVRR_AMB,12,5.080844070412908,4.789949519055838
1,MVRR_UAMB,1,0.0,0.0
1,MVRR_UAMB,2,12.470760575944153,15.707615778886522
1,MVRR_UAMB,3,6.3745486490502605,5.829243945890157
1,MVRR_UAMB,4,2.1641796315061828,2.8796818056131395
1,MVRR_UAMB,5,11.076417425449362,9.733124229175482
1,MVRR_UAMB,6,7.966592736017884,8.892836947047298
1,MVRR_UAMB,7,9.858053802623433,9.464379323423033
1,MVRR_UAMB,8,17.333798422050414,18.53755865402628
1,MVRR_UAMB,9,11.36944628150364,10.83352495177461
1,MVRR_UAMB,10,1.9582842376676897,2.04957692831194
1,MVRR_UAMB,11,10.075494219831695,10.88025745352826
1,MVRR_UAMB,12,1.335819604189312,1.273485094323365
1,MVRR_UAMB,13,9.954833255778158,10.053955112637638
1,MVRR_UAMB,14,5.1052879645800395,4.700826733517523
1,NPS_AMB,1,0.0,0.0
1,NPS_AMB,2,12.470760575944153,15.689443404065754
1,NPS_AMB,3,10.956623941886779,11.865510975860515
1,NPS_AMB,4,4.984305564952041,4.776927508680458
1,NPS_AMB,5,14.535464582278033,14.665296349206177
1,NPS_AMB,6,24.472710204248358,26.383811689582437
1,NPS_AMB,7,6.645876734218669,8.910159727572804
1,NPS_AMB,8,1.3537000384602402,2.030756522862721
1,NPS_AMB,9,9.411390780761598,10.928239237257777
1,NPS_AMB,10,1.7270828006332901,1.1873947068850637
1,NPS_AMB,11,9.558579724745421,9.78904748379124
1,NPS_AMB,12,3.4203784916173507,3.8748288879102533
1,NPS_UAMB,1,0.0,0.0
1,NPS_UAMB,2,12.470760575944153,15.707615778886522
1,NPS_UAMB,3,10.956623941886779,11.881799796689034
1,NPS_UAMB,4,9.04584784772813,8.134499398055244
1,NPS_UAMB,5,4.512495239881045,4.699946354327757
1,NPS_UAMB,6,12.38819789664035,12.199422859747296
1,NPS_UAMB,7,16.353989870444476,17.273958090578603
1,NPS_UAMB,8,5.451537711857067,7.076904469325265
1,NPS_UAMB,9,1.6730616741360749,1.5374277285157718
1,NPS_UAMB,10,10.00683461802364,11.341719926462142
1,NPS_UAMB,11,1.3329961650100972,1.540455999032164
1,NPS_UAMB,12,8.994519969543425,10.019749139242231
1,NPS_UAMB,13,3.679530463078648,2.6532644099777905
1,NPZ_AMB,1,0.0,0.0
1,NPZ_AMB,2,3.0638152027420564,2.6737599264464134
1,NPZ_AMB,3,12.029791555687083,12.977720027267884
1,NPZ_AMB,4,12.442097259420754,13.781535292592894
1,NPZ_AMB,5,3.8456256318544706,3.571331877854584
1,NPZ_AMB,6,12.259187518852725,11.637163418934533
1,NPZ_AMB,7,24.230487087050765,24.33283740223224
1,NPZ_AMB,8,9.591498579981769,6.773747210996374
1,NPZ_AMB,9,0.5775115502218804,0.8904600388383663
1,NPZ_AMB,10,12.262175889394117,13.251155931805267
1,NPZ_AMB,11,0.8303809094558343,0.6993094915802706
1,NPZ_AMB,12,13.14965452298845,12.63831983302677
1,NPZ_AMB,13,15.596158122428609,15.43395173936277
1,NPZ_UAMB,1,0.0,0.0
1,NPZ_UAMB,2,3.0638152027420564,2.6737599264464134
1,NPZ_UAMB,3,12.029791555687083,12.977720027267884
1,NPZ_UAMB,4,18.834856807405576,21.162483762794896
1,NPZ_UAMB,5,2.3820071816615376,2.0111759540966885
1,NPZ_UAMB,6,13.484016313489889,12.930732991190958
1,NPZ_UAMB,7,17.929056518049524,19.200117000961026
1,NPZ_UAMB,8,6.082015790961072,6.216116167283631
1,NPZ_UAMB,9,1.8598379286608007,1.6322168264520631
1,NPZ_UAMB,10,12.95477066233675,13.513265746887429
1,NPZ_UAMB,11,1.053977015695104,1.0315616568949
1,NPZ_UAMB,12,12.055635732597539,11.450430160072523
1,NPZ_UAMB,13,16.16757512345186,16.07194133272586
2,MVRR_AMB,1,0.0,0.0
2,MVRR_AMB,2,15.477375036939842,15.969667807797993
2,MVRR_AMB,3,8.084758575772703,6.178769790683471
2,MVRR_AMB,4,13.578769123086849,13.125111910779726
2,MVRR_AMB,5,2.5083483887077707,2.672733877951366
2,MVRR_AMB,6,8.796858933045593,6.882495968720549
2,MVRR_AMB,7,18.877904064916535,19.03553235580773
2,MVRR_AMB,8,19.232618970251682,17.95691357990568
2,MVRR_AMB,9,1.1954646488114993,1.9683208012067412
2,MVRR_AMB,10,2.6085062690560465,1.9640580392224558
2,MVRR_AMB,11,14.871675530241546,13.807107048984383
2,MVRR_AMB,12,8.521095931259385,9.006251250124079
2,MVRR_UAMB,1,0.0,0.0
2,MVRR_UAMB,2,15.477375036939842,15.969667807797993
2,MVRR_UAMB,3,8.084758575772703,6.168880100328256
2,MVRR_UAMB,4,3.40884026156229,3.6198440560793617
2,MVRR_UAMB,5,4.207914653133615,4.681578607215609
2,MVRR_UAMB,6,10.355794983860918,11.18854117071407
2,MVRR_UAMB,7,1.478414289629311,1.960709365027506
2,MVRR_UAMB,8,8.753850199648426,8.563417937931657
2,MVRR_UAMB,9,11.447716273841907,13.298925832908921
2,MVRR_UAMB,10,17.33367046695817,19.002784795291642
2,MVRR_UAMB,11,2.3602979836257765,2.0892665685301064
2,MVRR_UAMB,12,2.2405027802366835,1.925431767734574
2,MVRR_UAMB,13,15.359551786625541,14.665593535226868
2,MVRR_UAMB,14,7.744714650469408,8.271997119662947
2,NPS_AMB,1,0.0,0.0
2,NPS_AMB,2,15.477375036939842,15.969667807797993
2,NPS_AMB,3,8.084758575772703,6.178769790683471
2,NPS_AMB,4,11.23953953013972,12.93350397566166
2,NPS_AMB,5,6.2799994669119235,4.2500132543424165
2,NPS_AMB,6,10.398674386304638,8.973302813871783
2,NPS_AMB,7,13.517676757916758,14.702986691108062
2,NPS_AMB,8,18.192258766929967,17.287122330606245
2,NPS_AMB,9,1.461730080686459,1.6940561122748505
2,NPS_AMB,10,2.3590990925666118,1.6462129465619293
2,NPS_AMB,11,14.948733388856533,13.612443326125787
2,NPS_AMB,12,9.13888857003575,9.453795511088936
2,NPS_UAMB,1,0.0,0.0
2,NPS_UAMB,2,15.477375036939842,15.969667807797993
2,NPS_UAMB,3,8.084758575772703,6.178769790683471
2,NPS_UAMB,4,11.23953953013972,12.93350397566166
2,NPS_UAMB,5,6.092476463717151,4.283826419363252
2,NPS_UAMB,6,2.7406377879915285,2.785422070276204
2,NPS_UAMB,7,9.543392280813027,8.226122811337104
2,NPS_UAMB,8,11.02466096649871,10.687978098141226
2,NPS_UAMB,9,18.239329730540515,19.20841378800395
2,NPS_UAMB,10,2.428919061320037,1.9378697250276233
2,NPS_UAMB,11,1.7910747932969273,1.432367310722001
2,NPS_UAMB,12,14.654011535587163,13.49191375681751
2,NPS_UAMB,13,10.73081863250585,9.60368165898624
2,NPZ_AMB,1,0.0,0.0
2,NPZ_AMB,2,2.8050437428957924,2.806175044773168
2,NPZ_AMB,3,15.99485019546793,15.51521534771328
2,NPZ_AMB,4,7.09942181383743,8.571746713747642
2,NPZ_AMB,5,12.116917966614182,13.223613942165494
2,NPZ_AMB,6,1.2739712892773543,1.6315569290207024
2,NPZ_AMB,7,3.81336615810153,3.0645743341629648
2,NPZ_AMB,8,16.66218140492942,18.23589282924567
2,NPZ_AMB,9,16.639221033108633,17.412213051798055
2,NPZ_AMB,10,2.230442999039765,2.5183889078477923
2,NPZ_AMB,11,1.4751013878257409,1.4753683048998798
2,NPZ_AMB,12,14.941907741409091,14.02805247261723
2,NPZ_AMB,13,9.225014385900128,8.441762570190832
2,NPZ_UAMB,1,0.0,0.0
2,NPZ_UAMB,2,2.8050437428957924,2.806175044773168
2,NPZ_UAMB,3,15.99485019546793,15.497309889966651
2,NPZ_UAMB,4,7.09942181383743,8.57354634020627
2,NPZ_UAMB,5,18.521443879640433,21.569527485342768
2,NPZ_UAMB,6,1.6351092306742738,2.236052213197656
2,NPZ_UAMB,7,8.422980344890105,7.292440006692571
2,NPZ_UAMB,8,8.181452725532601,7.840539083963893
2,NPZ_UAMB,9,16.54971025470997,16.999451078091646
2,NPZ_UAMB,10,1.7684869358979078,1.5172426407319566
2,NPZ_UAMB,11,1.1456131556931275,1.5370445511696493
2,NPZ_UAMB,12,14.922458567388317,14.004499104616267
2,NPZ_UAMB,13,9.78813288005395,8.49299250425587
3,MVRR_AMB,1,0.0,0.0
3,MVRR_AMB,2,9.998284328553346,10.590557493664083
3,MVRR_AMB,3,11.112203575440896,10.362533264121723
3,MVRR_AMB,4,2.0689031347373463,2.6827140311809345
3,MVRR_AMB,5,11.85034898536045,10.185262490710185
3,MVRR_AMB,6,21.639181834803413,21.00606691769638
3,MVRR_AMB,7,10.36051143607818,12.894858817825074
3,MVRR_AMB,8,5.369479973616197,6.585857540789963
3,MVRR_AMB,9,9.255359176801013,7.4236448831052035
3,MVRR_AMB,10,1.9108889147776151,1.4661342124097538
3,MVRR_AMB,11,13.358182799229004,11.118638478305579
3,MVRR_AMB,12,0.10284681834559993,0.40851761386576557
3,MVRR_AMB,13,4.633957643087602,6.138489390059591
3,MVRR_AMB,14,8.145938050155454,8.201853737534575
3,MVRR_UAMB,1,0.0,0.0
3,MVRR_UAMB,2,9.998284328553346,10.590557493664083
3,MVRR_UAMB,3,3.864960609395071,3.8478634701074976
3,MVRR_UAMB,4,3.115995426944436,3.604819307734685
3,MVRR_UAMB,5,8.757324249195854,8.489036129364097
3,MVRR_UAMB,6,9.29369135795592,9.505358661540019
3,MVRR_UAMB,7,10.100192992287406,8.206150810057707
3,MVRR_UAMB,8,13.87600054719761,12.503221269398603
3,MVRR_UAMB,9,10.189531788035204,10.874645200450365
3,MVRR_UAMB,10,4.402212396911175,5.630873996905468
3,MVRR_UAMB,11,8.662418031074324,7.725272871702622
3,MVRR_UAMB,12,1.3639726481876011,1.4831974711151075
3,MVRR_UAMB,13,13.58206431067738,10.810734498812876
3,MVRR_UAMB,14,0.03320872930714882,0.39797430344594653
3,MVRR_UAMB,15,5.270772250979997,6.104683792275393
3,MVRR_UAMB,16,7.241962496725058,8.294307741028776
3,NPS_AMB,1,0.0,0.0
3,NPS_AMB,2,9.998284328553346,10.594926540926602
3,NPS_AMB,3,13.507796698589992,15.545536576990997
3,NPS_AMB,4,4.068407142267929,5.059059543976069
3,NPS_AMB,5,13.791631362129143,14.951915755828098
3,NPS_AMB,6,13.674908800780365,13.37568925722563
3,NPS_AMB,7,10.609956448750804,8.672595246694312
3,NPS_AMB,8,4.231714988221217,2.466907965103821
3,NPS_AMB,9,0.7155360546891766,1.0458967548096167
3,NPS_AMB,10,5.820110291268135,7.288423179899019
3,NPS_AMB,11,4.167128107568246,4.933952828397729
3,NPS_UAMB,1,0.0,0.0
3,NPS_UAMB,2,9.998284328553346,10.590557493664083
3,NPS_UAMB,3,13.507796698589992,15.549281671196185
3,NPS_UAMB,4,1.2861514445767601,1.1785303770942928
3,NPS_UAMB,5,2.543332239633029,2.988107063971041
3,NPS_UAMB,6,12.228919948162078,12.874544195362269
3,NPS_UAMB,7,13.449888076252673,12.509796510106389
3,NPS_UAMB,8,10.331969883271592,9.784976049398932
3,NPS_UAMB,9,4.042876317747345,2.641932989060393
3,NPS_UAMB,10,0.7852332278298858,1.1423110887965617
3,NPS_UAMB,11,6.015398655114664,7.39022659025075
3,NPS_UAMB,12,4.442500192789042,5.144657889050251
3,NPZ_AMB,1,0.0,0.0
3,NPZ_AMB,2,2.8050437428957924,2.806175044773168
3,NPZ_AMB,3,10.822261464004304,13.621678106546517
3,NPZ_AMB,4,8.828426692576762,9.57885716721275
3,NPZ_AMB,5,5.449535145870421,6.147922294494114
3,NPZ_AMB,6,11.667630489500182,11.101317761571883
3,NPZ_AMB,7,19.182639436049744,16.625557355462885
3,NPZ_AMB,8,10.30546873263484,12.975909219249722
3,NPZ_AMB,9,3.421197215026783,3.076425658633921
3,NPZ_AMB,10,1.2351968547357541,0.9558855928882706
3,NPZ_AMB,11,8.034561655500072,9.814357138622814
3,NPZ_AMB,12,9.314855542971095,7.247620725938445
3,NPZ_UAMB,1,0.0,0.0
3,NPZ_UAMB,2,2.8050437428957924,2.806175044773168
3,NPZ_UAMB,3,10.822261464004304,13.621678106546517
3,NPZ_UAMB,4,13.746827129856968,13.528923735352583
3,NPZ_UAMB,5,2.019959624024205,2.246668874218068
3,NPZ_UAMB,6,13.220361406272376,12.956246961411757
3,NPZ_UAMB,7,11.339277084889286,8.856594699065678
3,NPZ_UAMB,8,11.72596012536681,12.960349107639535
3,NPZ_UAMB,9,3.747488203688531,3.249023319456215
3,NPZ_UAMB,10,1.078360113995155,0.8164252052689208
3,NPZ_UAMB,11,7.835871474819477,10.34098315003801
3,NPZ_UAMB,12,8.043213586717028,6.670134629148892
4,MVRR_AMB,1,0.0,0.0
4,MVRR_AMB,2,10.93308570835909,11.66694255889673
4,MVRR_AMB,3,16.255302097795774,15.422870295228401
4,MVRR_AMB,4,2.126909959168307,3.3348350950001184
4,MVRR_AMB,5,7.8885167401097895,7.255535281539826
4,MVRR_AMB,6,20.61653859624298,22.395521633323042
4,MVRR_AMB,7,13.590768008672246,14.317967066829683
4,MVRR_AMB,8,7.95927865784199,6.356078400278198
4,MVRR_AMB,9,5.362317240173063,7.341508032844937
4,MVRR_AMB,10,4.902489290352982,4.9966910675365765
4,MVRR_AMB,11,3.452339489479719,2.9497576845510487
4,MVRR_AMB,12,9.396877508820587,9.622716182835783
4,MVRR_AMB,13,7.417059323438365,5.764522058856258
4,MVRR_AMB,14,1.6943495106463793,1.895907102976618
4,MVRR_UAMB,1,0.0,0.0
4,MVRR_UAMB,2,10.93308570835909,11.66694255889673
4,MVRR_UAMB,3,5.481997215186078,5.673480290899616
4,MVRR_UAMB,4,3.0751024241181826,3.4808741629802724
4,MVRR_UAMB,5,10.858862123830324,11.71222215121589
4,MVRR_UAMB,6,3.9782325108369374,5.094705356124498
4,MVRR_UAMB,7,7.461227219902348,8.348659762146251
4,MVRR_UAMB,8,12.19279396045244,15.138779721504765
4,MVRR_UAMB,9,14.665963641891524,15.637539040035358
4,MVRR_UAMB,10,8.662695267107516,6.327133720137988
4,MVRR_UAMB,11,5.8985213093801105,7.671589519131701
4,MVRR_UAMB,12,4.601668244353412,4.872309774779576
4,MVRR_UAMB,13,3.6765288498731397,2.9347635491182253
4,MVRR_UAMB,14,8.463275879987261,9.52471152527631
4,MVRR_UAMB,15,7.1206382815784695,5.9326887586617225
4,MVRR_UAMB,16,1.579990767529614,2.1342157338068386
4,NPS_AMB,1,0.0,0.0
4,NPS_AMB,2,10.93308570835909,11.654405711579434
4,NPS_AMB,3,9.52743435460477,9.813546068441344
4,NPS_AMB,4,2.0346534777486216,3.1577882430000037
4,NPS_AMB,5,11.54742287171432,11.599041056613679
4,NPS_AMB,6,18.908503218158046,20.507120482041646
4,NPS_AMB,7,11.741511484588429,13.719003776600383
4,NPS_AMB,8,10.185640852542083,9.048952478541505
4,NPS_AMB,9,2.839744510377731,4.588499188811545
4,NPS_AMB,10,1.756176073783846,1.093173409670596
4,NPS_AMB,11,9.65181564736177,8.295176597380935
4,NPS_AMB,12,14.003752183963568,9.522705691619297
4,NPS_UAMB,1,0.0,0.0
4,NPS_UAMB,2,10.93308570835909,11.66694255889673
4,NPS_UAMB,3,9.52743435460477,9.815521117203852
4,NPS_UAMB,4,6.193198447160257,4.549569195962239
4,NPS_UAMB,5,2.4051501990575423,2.8603488918643496
4,NPS_UAMB,6,11.379230718476526,12.404218424533521
4,NPS_UAMB,7,12.90910032543483,14.344763339695316
4,NPS_UAMB,8,11.981802892651531,13.00020159938867
4,NPS_UAMB,9,9.101386549136558,8.075155752479127
4,NPS_UAMB,10,3.3080457014405207,3.5130139368082123
4,NPS_UAMB,11,1.3335812499883326,1.3626299796323151
4,NPS_UAMB,12,9.126194702558216,6.973198242924387
4,NPS_UAMB,13,14.05076432950752,8.87813991164384
4,NPZ_AMB,1,0.0,0.0
4,NPZ_AMB,2,2.103749743507216,1.9198352802928476
4,NPZ_AMB,3,11.931458755229764,12.626861660895687
4,NPZ_AMB,4,12.446339039521634,13.074403170138128
4,NPZ_AMB,5,2.2450336631736643,2.1422637103240842
4,NPZ_AMB,6,11.642620084481107,11.765489993702326
4,NPZ_AMB,7,21.046165016710344,21.184349637025594
4,NPZ_AMB,8,14.40561905673782,13.142473903349627
4,NPZ_AMB,9,11.282605361776973,10.826559654414668
4,NPZ_AMB,10,4.737507709241496,5.220031865530641
4,NPZ_AMB,11,4.081000399894707,5.738324973546232
4,NPZ_AMB,12,3.120602498195749,4.222642559422902
4,NPZ_AMB,13,1.5279905245149767,3.392102823988996
4,NPZ_UAMB,1,0.0,0.0
4,NPZ_UAMB,2,2.103749743507216,1.9198352802928476
4,NPZ_UAMB,3,11.931458755229764,12.626861660895687
4,NPZ_UAMB,4,17.054930273502876,16.91859618651091
4,NPZ_UAMB,5,2.2061667879572253,2.4131467043920596
4,NPZ_UAMB,6,14.457116165850971,13.63652089724658
4,NPZ_UAMB,7,7.604340862991326,9.863397647551041
4,NPZ_UAMB,8,13.102761045473594,13.187807154255857
4,NPZ_UAMB,9,10.698932705070584,10.728643051972435
4,NPZ_UAMB,10,4.841633573310478,5.634837509077252
4,NPZ_UAMB,11,2.812999832307357,4.810595520343965
4,NPZ_UAMB,12,2.436885125725351,4.496114580316966
4,NPZ_UAMB,13,1.2288710748630438,4.030665721518736
5,MVRR_AMB,1,0.0,0.0
5,MVRR_AMB,2,7.804978575210292,8.798459747559823
5,MVRR_AMB,3,13.55572482373244,12.77606830533943
5,MVRR_AMB,4,10.536287336288419,10.950290852751406
5,MVRR_AMB,5,4.345006839650583,3.9664221182368866
5,MVRR_AMB,6,11.673757199454517,11.157444643646263
5,MVRR_AMB,7,17.540705933789233,17.117654754029655
5,MVRR_AMB,8,12.413984287380115,13.39878171172228
5,MVRR_AMB,9,6.101325315069344,5.822157572744006
5,MVRR_AMB,10,0.6938942738525533,2.5478569311945787
5,MVRR_AMB,11,1.6968406833749703,3.772485538026139
5,MVRR_AMB,12,5.797299200388295,4.431995664456992
5,MVRR_AMB,13,7.9683923624765125,6.626066396631084
5,MVRR_AMB,14,11.948611960861518,8.403083156063834
5,MVRR_UAMB,1,0.0,0.0
5,MVRR_UAMB,2,7.804978575210292,8.798459747559823
5,MVRR_UAMB,3,13.55572482373244,12.77070795007734
5,MVRR_UAMB,4,5.468819216546366,5.610595178576932
5,MVRR_UAMB,5,3.596899162697151,3.4560618819749935
5,MVRR_UAMB,6,9.588812898905894,9.70415547146415
5,MVRR_UAMB,7,1.62733664675118,1.9798157776251097
5,MVRR_UAMB,8,12.043365802354383,10.642921395337584
5,MVRR_UAMB,9,10.664948245329489,9.882073587573537
5,MVRR_UAMB,10,12.663209162259635,14.020964035679269
5,MVRR_UAMB,11,7.291635815817136,11.566778487173023
5,MVRR_UAMB,12,0.06850359204588999,0.12090370681631336
5,MVRR_UAMB,13,5.515242493493764,4.8821836427309115
5,MVRR_UAMB,14,3.934806891494078,2.2511645007116217
5,MVRR_UAMB,15,5.6631891930372875,4.986323953342566
5,MVRR_UAMB,16,10.38836952983024,6.610385964429993
5,NPS_AMB,1,0.0,0.0
5,NPS_AMB,2,7.804978575210292,8.814099849829288
5,NPS_AMB,3,13.55572482373244,12.775849543407533
5,NPS_AMB,4,13.870063706089825,12.758506812894527
5,NPS_AMB,5,3.3123294453082113,3.239048325706172
5,NPS_AMB,6,8.065485511986413,9.01516132729998
5,NPS_AMB,7,15.798963331996397,14.72903036789352
5,NPS_AMB,8,14.099423896864089,15.413471787324049
5,NPS_AMB,9,6.621982152638394,7.602608653731836
5,NPS_AMB,10,0.38222993669439714,2.0707209913569664
5,NPS_AMB,11,2.6897899133853826,4.064064838307619
5,NPS_UAMB,1,0.0,0.0
5,NPS_UAMB,2,7.804978575210292,8.814099849829288
5,NPS_UAMB,3,13.55572482373244,12.775849543407533
5,NPS_UAMB,4,13.870063706089825,12.758506812894527
5,NPS_UAMB,5,3.1450618708014577,2.788206125428371
5,NPS_UAMB,6,2.513639434961565,2.451634185880695
5,NPS_UAMB,7,8.682872959637344,9.982644226283883
5,NPS_UAMB,8,10.095112624780917,11.33659897105005
5,NPS_UAMB,9,15.421396747875809,15.974286573869565
5,NPS_UAMB,10,5.003983131933159,5.917030082265965
5,NPS_UAMB,11,0.4916173949882135,1.2153324286044727
5,NPS_UAMB,12,2.3609290739631175,4.495338680587599
5,NPZ_AMB,1,0.0,0.0
5,NPZ_AMB,2,2.8050437428957924,2.8115022073836435
5,NPZ_AMB,3,9.146880775803995,9.290418872075302
5,NPZ_AMB,4,12.332104035234936,13.422652903662039
5,NPZ_AMB,5,5.128106794679168,6.742559189158309
5,NPZ_AMB,6,2.780674661181787,3.3369264040346103
5,NPZ_AMB,7,10.001016788910254,8.12161583371381
5,NPZ_AMB,8,12.375352856412707,15.337859958837518
5,NPZ_AMB,9,12.835058354585374,11.965150844464391
5,NPZ_AMB,10,5.37936140880417,9.31873134399094
5,NPZ_AMB,11,0.27648081437524624,1.2224738361989
5,NPZ_AMB,12,3.681679816257806,5.6050366133097205
5,NPZ_UAMB,1,0.0,0.0
5,NPZ_UAMB,2,2.8050437428957924,2.806175044773168
5,NPZ_UAMB,3,9.146880775803995,9.276686401369208
5,NPZ_UAMB,4,12.332104035234936,13.421198618366343
5,NPZ_UAMB,5,5.805584937545902,7.591993110598654
5,NPZ_UAMB,6,2.927931710295351,2.6344379851357917
5,NPZ_UAMB,7,11.776755545264443,11.786899769942936
5,NPZ_UAMB,8,10.395306966000744,11.212019554279255
5,NPZ_UAMB,9,12.890117568363197,13.063689338919978
5,NPZ_UAMB,10,4.488594122960038,9.506909257120197
5,NPZ_UAMB,11,0.21042685721692064,1.3283909855679439
5,NPZ_UAMB,12,2.7874212826011586,3.9454237244971413
6,MVRR_AMB,1,0.0,0.0
6,MVRR_AMB,2,12.192689395000714,13.05765205994409
6,MVRR_AMB,3,14.63184365982155,13.113341418154674
6,MVRR_AMB,4,2.2734885367242175,2.633988422486436
6,MVRR_AMB,5,7.4298032378673,8.122073307565104
6,MVRR_AMB,6,18.871703058457026,22.058998364865563
6,MVRR_AMB,7,7.519561671283203,5.497731907913516
6,MVRR_AMB,8,4.620653409182157,5.0800864868358575
6,MVRR_AMB,9,4.613473477473937,2.5558188680162726
6,MVRR_AMB,10,16.018691118461135,15.20588460014902
6,MVRR_AMB,11,5.102933350107077,4.953596342813977
6,MVRR_UAMB,1,0.0,0.0
6,MVRR_UAMB,2,12.192689395000714,13.075824434764858
6,MVRR_UAMB,3,4.7847479037804925,5.717918888056057
6,MVRR_UAMB,4,4.02300819398907,4.026482243536498
6,MVRR_UAMB,5,8.695071345097741,9.459946298614392
6,MVRR_UAMB,6,0.6884912668930473,0.8632697537196072
6,MVRR_UAMB,7,6.144663567225566,7.84792952243677
6,MVRR_UAMB,8,15.34565421257462,16.456967578336297
6,MVRR_UAMB,9,7.111808692283173,5.188662230013264
6,MVRR_UAMB,10,5.026030275877866,6.9079232596853135
6,MVRR_UAMB,11,5.353824736873457,3.446251991569779
6,MVRR_UAMB,12,16.62428330798529,16.235770372102586
6,MVRR_UAMB,13,6.310288277459952,5.638928460393325
6,NPS_AMB,1,0.0,0.0
6,NPS_AMB,2,12.192689395000714,13.05765205994409
6,NPS_AMB,3,11.015483284318066,9.777109136098947
6,NPS_AMB,4,2.7566574559714465,2.7499933002331636
6,NPS_AMB,5,18.285265608655365,16.796846572277413
6,NPS_AMB,6,16.334072903613354,17.250718418932813
6,NPS_AMB,7,5.125112576727646,6.987967425049882
6,NPS_AMB,8,2.8352342653588534,2.544316324361266
6,NPS_AMB,9,4.778993364282623,3.1368706811061635
6,NPS_AMB,10,16.266991414609617,17.16157774719881
6,NPS_AMB,11,4.728645959190488,4.65215312807708
6,NPS_UAMB,1,0.0,0.0
6,NPS_UAMB,2,12.192689395000714,13.075824434764858
6,NPS_UAMB,3,11.015483284318066,9.775498690556267
6,NPS_UAMB,4,1.8171465032544747,1.9149972363414258
6,NPS_UAMB,5,1.897791232035856,1.9369382669905504
6,NPS_UAMB,6,16.640939483756053,16.1103152196736
6,NPS_UAMB,7,15.23842509355347,16.50737087778996
6,NPS_UAMB,8,4.201230375425181,6.49843325591157
6,NPS_UAMB,9,3.912084543662084,3.562353695548942
6,NPS_UAMB,10,4.493837873984845,2.987617257381384
6,NPS_UAMB,11,15.693773239283876,17.720923113975353
6,NPS_UAMB,12,4.842397692228262,4.961295801863708
6,NPZ_AMB,1,0.0,0.0
6,NPZ_AMB,2,2.8050437428957924,2.806175044773168
6,NPZ_AMB,3,14.187097900551533,16.45634844079319
6,NPZ_AMB,4,7.79331539975938,8.595818093493003
6,NPZ_AMB,5,1.4593388339088627,1.7934146172619159
6,NPZ_AMB,6,13.273472400581225,11.926421727351293
6,NPZ_AMB,7,21.894975071084684,20.98965426935924
6,NPZ_AMB,8,6.694213490139567,8.337125917648788
6,NPZ_AMB,9,3.8727775648420875,4.058823581031249
6,NPZ_AMB,10,7.0823356814395115,7.928712525269445
6,NPZ_AMB,11,0.023941449539864216,0.05988737947573575
6,NPZ_AMB,12,4.98469218195118,5.009548834480381
6,NPZ_AMB,13,9.4938337601404,7.684153195742531
6,NPZ_AMB,14,11.754919939980297,14.335743881553466
6,NPZ_UAMB,1,0.0,0.0
6,NPZ_UAMB,2,2.8050437428957924,2.806175044773168
6,NPZ_UAMB,3,14.187093772967913,16.463802856812187
6,NPZ_UAMB,4,12.544316179856969,15.379112405404076
6,NPZ_UAMB,5,2.1974806321927485,3.6426321012839855
6,NPZ_UAMB,6,17.28698749620797,16.915927359734823
6,NPZ_UAMB,7,14.335388221431483,14.997511796224847
6,NPZ_UAMB,8,5.682639742919267,5.615224263607556
6,NPZ_UAMB,9,3.569727623687336,4.0201639449091005
6,NPZ_UAMB,10,7.542740805035889,7.751586905215235
6,NPZ_UAMB,11,0.023985933927401448,0.04844513186323031
6,NPZ_UAMB,12,5.409069003983609,6.2404166279199424
6,NPZ_UAMB,13,8.278019608130862,7.948041999365218
6,NPZ_UAMB,14,11.718634008405358,13.277679440186631
7,MVRR_AMB,1,0.0,0.0
7,MVRR_AMB,2,16.281944274206232,16.94193939171252
7,MVRR_AMB,3,10.023622876470265,11.947959458684146
7,MVRR_AMB,4,5.8074021492305805,5.24080186631004
7,MVRR_AMB,5,7.560210802710532,7.050487934152737
7,MVRR_AMB,6,20.039313913082736,18.406922008292096
7,MVRR_AMB,7,5.72842805991968,4.1918267080413045
7,MVRR_AMB,8,12.111337473558986,11.161073477579468
7,MVRR_AMB,9,0.6529964125164129,0.894315201940107
7,MVRR_AMB,10,3.7036972931952397,3.7668458829390454
7,MVRR_AMB,11,2.4437907451054457,1.789900495756836
7,MVRR_AMB,12,12.807409391736764,14.146876146011598
7,MVRR_UAMB,1,0.0,0.0
7,MVRR_UAMB,2,16.281944274206232,16.933343010891793
7,MVRR_UAMB,3,4.801601515634444,5.075320847580449
7,MVRR_UAMB,4,4.051884768999539,4.36122342776574
7,MVRR_UAMB,5,13.35977467064539,15.13211917740215
7,MVRR_UAMB,6,3.6396808789951796,4.50391089784588
7,MVRR_UAMB,7,5.763136222655605,6.985298254308491
7,MVRR_UAMB,8,12.251856930342349,10.82069023050602
7,MVRR_UAMB,9,4.557932368308396,3.563300288059291
7,MVRR_UAMB,10,11.367044027836387,10.426087732921566
7,MVRR_UAMB,11,0.718512902392961,0.6698761657332959
7,MVRR_UAMB,12,2.5822859660881536,2.965600038417927
7,MVRR_UAMB,13,2.1716201169304608,1.9802261282300684
7,MVRR_UAMB,14,11.755700053284611,13.377132793605648
7,NPS_AMB,1,0.0,0.0
7,NPS_AMB,2,16.281944274206232,16.933343010891793
7,NPS_AMB,3,9.23501913264877,8.704600559816747
7,NPS_AMB,4,2.862543218506708,3.8117422979120836
7,NPS_AMB,5,11.023101427820684,10.51093296596762
7,NPS_AMB,6,9.878219800333001,8.75963156843983
7,NPS_AMB,7,2.3306689845177826,5.699062022284855
7,NPS_AMB,8,9.703643651095183,9.522643605882335
7,NPS_AMB,9,0.6497262913972448,0.7042844337217791
7,NPS_AMB,10,1.9173219258331384,1.9598647582291189
7,NPS_AMB,11,1.6950706379322902,1.6311280042894507
7,NPS_AMB,12,10.160274099470422,9.067229418813996
7,NPS_AMB,13,9.622134279536589,6.57160671437417
7,NPS_UAMB,1,0.0,0.0
7,NPS_UAMB,2,16.281944274206232,16.933343010891793
7,NPS_UAMB,3,9.23501913264877,8.704600559816747
7,NPS_UAMB,4,1.2303617344893971,1.0616048762174968
7,NPS_UAMB,5,1.6989712044538587,1.5737054049234709
7,NPS_UAMB,6,10.58276117613517,10.327114469072432
7,NPS_UAMB,7,11.118809085095235,10.646122336435443
7,NPS_UAMB,8,1.8113704659252474,5.301612179932715
7,NPS_UAMB,9,9.418151762732316,8.985711018166233
7,NPS_UAMB,10,0.6028920619056102,0.45500529831591163
7,NPS_UAMB,11,1.6661075556484373,1.745948093554384
7,NPS_UAMB,12,1.5164369020126642,1.4713043548599918
7,NPS_UAMB,13,10.117874184657309,8.89422656686627
7,NPS_UAMB,14,9.344473535189435,6.446102374907034
7,NPZ_AMB,1,0.0,0.0
7,NPZ_AMB,2,2.8050437428957924,2.806175044773168
7,NPZ_AMB,3,17.30031271199682,17.845505970399167
7,NPZ_AMB,4,7.6138122915396425,8.90826929427452
7,NPZ_AMB,5,3.0356004169721076,2.8819531804830847
7,NPZ_AMB,6,9.665357561290707,8.342967136402692
7,NPZ_AMB,7,18.87702764132774,16.26584807394668
7,NPZ_AMB,8,2.63831464606889,3.9519394592077295
7,NPZ_AMB,9,11.402674705511542,12.33690854256944
7,NPZ_AMB,10,1.0239276049970762,0.6568617655902174
7,NPZ_AMB,11,9.116964737651712,7.423359391904771
7,NPZ_AMB,12,6.479342493735194,8.596304460429645
7,NPZ_AMB,13,3.3342702179833594,2.8938867986524786
7,NPZ_UAMB,1,0.0,0.0
7,NPZ_UAMB,2,2.8050437428957924,2.806175044773168
7,NPZ_UAMB,3,17.30031271199682,17.845505970399167
7,NPZ_UAMB,4,10.93634856321126,12.128354124965956
7,NPZ_UAMB,5,2.8623278962278276,2.3857443646647867
7,NPZ_UAMB,6,10.842827837325082,9.829867222008225
7,NPZ_UAMB,7,10.245727463169928,11.853413028268221
7,NPZ_UAMB,8,2.1125194828400122,4.587671952260894
7,NPZ_UAMB,9,11.361872853490246,11.920815092933166
7,NPZ_UAMB,10,0.3713264946036714,0.35950494462914584
7,NPZ_UAMB,11,9.717510956199552,8.772427077664021
7,NPZ_UAMB,12,5.2381750033007615,7.592397699784809
7,NPZ_UAMB,13,2.6507615464597842,2.3299782376984233
8,MVRR_AMB,1,0.0,0.0
8,MVRR_AMB,2,15.57010257884024,16.020387555329247
8,MVRR_AMB,3,12.991671259905875,11.141852008588437
8,MVRR_AMB,4,2.736598259488063,2.972447011714077
8,MVRR_AMB,5,6.12113771644874,6.089506667302052
8,MVRR_AMB,6,17.050995654416436,18.57500271677213
8,MVRR_AMB,7,9.636081986530236,10.479715363113606
8,MVRR_AMB,8,4.947954623935074,5.88531372972445
8,MVRR_AMB,9,2.664503820176977,2.3326985517806147
8,MVRR_AMB,10,1.4282536576960134,1.80439846124192
8,MVRR_AMB,11,6.96613250769634,7.922382187856487
8,MVRR_AMB,12,3.9649203657295526,4.3845958700179954
8,MVRR_AMB,13,6.0507665432993,2.8739067141884918
8,MVRR_UAMB,1,0.0,0.0
8,MVRR_UAMB,2,15.57010257884024,16.020387555329247
8,MVRR_UAMB,3,4.770610585914268,4.442308776098631
8,MVRR_UAMB,4,4.322537306315358,4.256780771653868
8,MVRR_UAMB,5,8.868856374141592,9.404467447168464
8,MVRR_UAMB,6,10.795950870144708,10.380052792799816
8,MVRR_UAMB,7,7.929609586776346,7.492406298642568
8,MVRR_UAMB,8,9.692221251355479,9.826556212013815
8,MVRR_UAMB,9,8.408913539910735,10.431117881494
8,MVRR_UAMB,10,5.245910782936571,6.177902998123122
8,MVRR_UAMB,11,2.734351822102493,1.9050179430251113
8,MVRR_UAMB,12,1.2116084022740148,1.3325731736803001
8,MVRR_UAMB,13,6.404596769878407,9.72421002441596
8,MVRR_UAMB,14,3.2735865695830446,4.708662779038786
8,MVRR_UAMB,15,3.2512665751627443,2.25211900442391
8,NPS_AMB,1,0.0,0.0
8,NPS_AMB,2,15.57010257884024,15.996579653005005
8,NPS_AMB,3,15.123796592961597,13.99999728674728
8,NPS_AMB,4,2.558520715461327,2.083726319415212
8,NPS_AMB,5,7.640177919847514,8.794288136380496
8,NPS_AMB,6,14.06940122946827,17.442470819477602
8,NPS_AMB,7,7.490877028911097,8.300684169792167
8,NPS_AMB,8,4.066305514274386,4.958249505415721
8,NPS_AMB,9,3.4050277501579633,3.9532131627200195
8,NPS_AMB,10,1.1753859322972426,1.26942277811866
8,NPS_AMB,11,3.325307256142319,5.138971626664774
8,NPS_AMB,12,4.447206670012553,5.082103413373851
8,NPS_UAMB,1,0.0,0.0
8,NPS_UAMB,2,15.57010257884024,16.020387555329247
8,NPS_UAMB,3,15.123796592961597,14.004699980352473
8,NPS_UAMB,4,1.4526158601039845,1.860274764593992
8,NPS_UAMB,5,1.6874972099188956,1.3606305093333841
8,NPS_UAMB,6,7.997279944376636,8.27120427964247
8,NPS_UAMB,7,8.604062941775368,9.09820968560982
8,NPS_UAMB,8,7.669635108287296,8.80410628195295
8,NPS_UAMB,9,4.118859972725042,5.289372518636111
8,NPS_UAMB,10,2.968617302044664,3.143620656187227
8,NPS_UAMB,11,1.174989942243631,1.4028727160556564
8,NPS_UAMB,12,4.174868186770326,4.336620965594514
8,NPS_UAMB,13,5.571962199765667,4.932488912073585
8,NPZ_AMB,1,0.0,0.0
8,NPZ_AMB,2,3.0638152027420564,2.6737599264464134
8,NPZ_AMB,3,15.605244825786944,15.237605080274156
8,NPZ_AMB,4,13.147011493609991,9.964856404670444
8,NPZ_AMB,5,3.990307756719317,3.832961173410235
8,NPZ_AMB,6,9.448526650597103,4.487886586334388
8,NPZ_AMB,7,15.534015115244395,13.00196958103954
8,NPZ_AMB,8,8.340865508409149,11.61119266279304
8,NPZ_AMB,9,4.155491589428217,4.915468821013597
8,NPZ_AMB,10,2.4414694952667504,3.4393692458822493
8,NPZ_AMB,11,5.330818961632841,6.189217392758085
8,NPZ_AMB,12,1.349669367063294,3.0855297322399946
8,NPZ_AMB,13,0.564925257892462,1.1380131563601745
8,NPZ_AMB,14,0.9736194119493383,0.6694967720054925
8,NPZ_AMB,15,6.450124705145414,7.180285304550709
8,NPZ_AMB,16,4.200178443541178,2.774679259981384
8,NPZ_UAMB,1,0.0,0.0
8,NPZ_UAMB,2,3.0638152027420564,2.6737599264464134
8,NPZ_UAMB,3,15.605244825786944,15.237605080274156
8,NPZ_UAMB,4,18.84020202819439,14.305015053393205
8,NPZ_UAMB,5,2.6697143785501676,2.863714936307036
8,NPZ_UAMB,6,9.498045959225333,6.234997798556558
8,NPZ_UAMB,7,10.337723046908254,10.958755838826873
8,NPZ_UAMB,8,9.729106714451326,11.442196318679814
8,NPZ_UAMB,9,3.236943258059611,3.9823821082369553
8,NPZ_UAMB,10,2.4827541025890185,3.351439675975621
8,NPZ_UAMB,11,6.602429789027103,7.030883287815584
8,NPZ_UAMB,12,1.1492375180774104,1.0916419041646628
8,NPZ_UAMB,13,0.46483260196452614,1.106625720638434
8,NPZ_UAMB,14,1.1001868621727813,0.3326192407850647
8,NPZ_UAMB,15,6.5896920659736,6.664767996520044
8,NPZ_UAMB,16,4.053976937947285,2.9733128153741832
9,MVRR_AMB,1,0.0,0.0
9,MVRR_AMB,2,15.86221304753891,15.649994711541446
9,MVRR_AMB,3,16.153064603233265,12.432298375905194
9,MVRR_AMB,4,3.375069060308266,3.3808136248123852
9,MVRR_AMB,5,3.4710426027610493,2.1972071797778767
9,MVRR_AMB,6,17.00691443720849,17.59531799267481
9,MVRR_AMB,7,14.149441955179821,15.113898647439141
9,MVRR_AMB,8,8.194000579739551,6.129807705844036
9,MVRR_AMB,9,1.3749979399864634,1.6421875206358343
9,MVRR_AMB,10,6.997723656868027,6.32561132971255
9,MVRR_AMB,11,5.985361541176173,7.858454172738971
9,MVRR_AMB,12,8.136524149803853,5.945795212518675
9,MVRR_UAMB,1,0.0,0.0
9,MVRR_UAMB,2,15.86221304753891,15.645624976348325
9,MVRR_UAMB,3,6.518103255656051,6.216113415561217
9,MVRR_UAMB,4,4.43706605696973,4.586029861910457
9,MVRR_UAMB,5,13.112354925669326,9.252939036938072
9,MVRR_UAMB,6,3.0065924472163794,3.4697320949614747
9,MVRR_UAMB,7,4.36401608205045,5.72746323724834
9,MVRR_UAMB,8,13.626200562333604,13.549373848401377
9,MVRR_UAMB,9,14.645947613053508,16.26560867409668
9,MVRR_UAMB,10,8.327021592945297,6.24072894841391
9,MVRR_UAMB,11,1.2810371104967273,1.3381061995238586
9,MVRR_UAMB,12,6.5322546760996465,6.411155500251711
9,MVRR_UAMB,13,5.158462764452358,7.093322621107232
9,MVRR_UAMB,14,7.0923337208647705,4.770711023782372
9,NPS_AMB,1,0.0,0.0
9,NPS_AMB,2,15.86221304753891,15.645624976348325
9,NPS_AMB,3,11.711492944776232,10.499114318200327
9,NPS_AMB,4,3.1281171081425483,3.6904167928956135
9,NPS_AMB,5,4.245735013919553,4.2232871503983365
9,NPS_AMB,6,17.04475887556555,16.07494045218293
9,NPS_AMB,7,12.72294492827972,12.063674889629471
9,NPS_AMB,8,3.8161636279004645,3.643100238059634
9,NPS_AMB,9,3.310903365167257,2.6135291943571457
9,NPS_AMB,10,1.268197659705239,1.3294997577180563
9,NPS_AMB,11,13.898096878180464,14.173386067763545
9,NPS_AMB,12,4.972238574236902,5.107463029165501
9,NPS_AMB,13,0.45615633520247373,0.20070121681279746
9,NPS_AMB,14,1.8890640154134857,1.7975092232093204
9,NPS_UAMB,1,0.0,0.0
9,NPS_UAMB,2,15.86221304753891,15.645624976348325
9,NPS_UAMB,3,11.711495696498645,10.521205145738353
9,NPS_UAMB,4,2.719738628241331,2.446589762748238
9,NPS_UAMB,5,2.688191334645613,2.893606036974945
9,NPS_UAMB,6,4.683900716967559,5.9875629191072175
9,NPS_UAMB,7,13.071552385717427,12.814376408923216
9,NPS_UAMB,8,12.561623825909198,13.08694139331663
9,NPS_UAMB,9,3.2626243954170495,3.3380976058869862
9,NPS_UAMB,10,3.0546199783310253,2.411689495391299
9,NPS_UAMB,11,1.2638079745246165,1.111296769435868
9,NPS_UAMB,12,13.690952718314055,14.377178629729938
9,NPS_UAMB,13,4.765466584826961,5.279446367958913
9,NPS_UAMB,14,0.46099596999341586,0.21049046929990853
9,NPS_UAMB,15,1.736221141782548,1.8917540390512935
9,NPZ_AMB,1,0.0,0.0
9,NPZ_AMB,2,2.8050437428957924,2.806175044773168
9,NPZ_AMB,3,16.904233915337358,17.58627170523943
9,NPZ_AMB,4,8.802709782827945,7.965667469356242
9,NPZ_AMB,5,5.068662711234946,4.9136069368353565
9,NPZ_AMB,6,3.2589783632187577,2.3187523066394986
9,NPZ_AMB,7,20.403178295443787,20.724157083985684
9,NPZ_AMB,8,13.60281642526109,11.430224262387952
9,NPZ_AMB,9,7.389553106189971,6.956799353199317
9,NPZ_AMB,10,2.9748382584916735,2.345375564958363
9,NPZ_AMB,11,11.294162595914955,12.055022098499261
9,NPZ_AMB,12,1.5345741923726561,2.324843416185107
9,NPZ_AMB,13,11.94931193025053,10.11043971862581
9,NPZ_AMB,14,2.5448418173509775,4.130473961137808
9,NPZ_UAMB,1,0.0,0.0
9,NPZ_UAMB,2,2.8050437428957924,2.806175044773168
9,NPZ_UAMB,3,16.904233915337358,17.58245506625148
9,NPZ_UAMB,4,17.98382336132088,13.342590508136478
9,NPZ_UAMB,5,2.4057681327220926,2.1469309755031993
9,NPZ_UAMB,6,5.971877413417926,4.097131684615035
9,NPZ_UAMB,7,11.556583355629876,11.732246435221148
9,NPZ_UAMB,8,12.070384964735533,12.04274528895007
9,NPZ_UAMB,9,6.909839834346529,6.691399853971451
9,NPZ_UAMB,10,4.424440122639288,4.491193468745178
9,NPZ_UAMB,11,10.916269932688328,10.524285698980608
9,NPZ_UAMB,12,1.8231406145849962,2.5275313335850087
9,NPZ_UAMB,13,12.276158766839867,10.281151761664045
9,NPZ_UAMB,14,2.808851610768546,5.1313646620344615
10,MVRR_AMB,1,0.0,0.0
10,MVRR_AMB,2,10.644014517066468,13.763358790188505
10,MVRR_AMB,3,14.61451606378182,15.203252577660214
10,MVRR_AMB,4,3.5881497173171564,3.626853380997926
10,MVRR_AMB,5,10.629265972859077,9.738893903146627
10,MVRR_AMB,6,18.28963121626487,16.589988591542042
10,MVRR_AMB,7,12.65944893358117,12.195871761972281
10,MVRR_AMB,8,1.760236584170717,1.9263475753504187
10,MVRR_AMB,9,0.009218849855885974,0.0744990308674978
10,MVRR_AMB,10,8.868657562197194,9.44279343694794
10,MVRR_AMB,11,4.904700987243078,5.833467839795348
10,MVRR_AMB,12,9.617359267226707,9.524956428571137
10,MVRR_AMB,13,6.651449660037228,6.617931617245273
10,MVRR_AMB,14,2.8047154280152955,2.448379758178418
10,MVRR_AMB,15,5.724314449889356,6.137947644709373
10,MVRR_UAMB,1,0.0,0.0
10,MVRR_UAMB,2,10.644014517066468,13.763358790188505
10,MVRR_UAMB,3,4.638397891167578,5.989164421552052
10,MVRR_UAMB,4,5.6232974732043575,6.185997189603329
10,MVRR_UAMB,5,10.759033762241101,10.805089340280954
10,MVRR_UAMB,6,1.4934039535132118,3.60036736483445
10,MVRR_UAMB,7,11.80192004673869,9.731264752754353
10,MVRR_UAMB,8,13.153849523808297,12.106893441860691
10,MVRR_UAMB,9,13.723222167060745,11.836704569771598
10,MVRR_UAMB,10,2.8415412131312943,1.8148955943199823
10,MVRR_UAMB,11,0.018475951071829866,0.25317359654333027
10,MVRR_UAMB,12,9.135090333191444,9.315119020392219
10,MVRR_UAMB,13,3.467081498346377,4.192273518968246
10,MVRR_UAMB,14,9.988913337873134,9.749613925740208
10,MVRR_UAMB,15,6.323313641497023,6.149799657110933
10,MVRR_UAMB,16,2.6848328574395643,2.5709796546377817
10,MVRR_UAMB,17,5.463253127038178,5.598176569332105
10,NPS_AMB,1,0.0,0.0
10,NPS_AMB,2,10.644014517066468,13.763358790188505
10,NPS_AMB,3,14.361221391452283,14.511304459484824
10,NPS_AMB,4,3.403925341365933,3.2211776084550174
10,NPS_AMB,5,12.04551214583715,13.640736535984528
10,NPS_AMB,6,16.97527513289456,17.71076237896238
10,NPS_AMB,7,12.422725133627566,11.445078059977671
10,NPS_AMB,8,1.9712290278328315,1.5916615975521042
10,NPS_AMB,9,0.008910366053009261,0.05144146735114056
10,NPS_AMB,10,3.7438951421467053,1.8848665638408653
10,NPS_AMB,11,3.907743013623703,3.5020428195443722
10,NPS_AMB,12,1.4233346099160353,1.0833227593771269
10,NPS_AMB,13,2.722042335849638,2.4178762272907868
10,NPS_AMB,14,11.51726261819781,14.368088142753281
10,NPS_UAMB,1,0.0,0.0
10,NPS_UAMB,2,10.644014517066468,13.763358790188505
10,NPS_UAMB,3,14.361221391452283,14.504447167229623
10,NPS_UAMB,4,2.4494436428566555,2.5477429066970565
10,NPS_UAMB,5,2.725090212388229,3.133422428956364
10,NPS_UAMB,6,12.851748926886309,12.853826477308731
10,NPS_UAMB,7,14.159485741990208,12.335016733409947
10,NPS_UAMB,8,12.166012822060082,11.240869987926795
10,NPS_UAMB,9,1.7156531776222494,1.6211120786685023
10,NPS_UAMB,10,0.00813758350918859,0.05244151959361859
10,NPS_UAMB,11,3.729366391767117,2.252556872253007
10,NPS_UAMB,12,3.502774089775841,3.6149514936276166
10,NPS_UAMB,13,1.4135740785316184,1.0854088229407672
10,NPS_UAMB,14,2.7594882904046485,2.4741692446059
10,NPS_UAMB,15,10.986052925171819,12.998549534044482
10,NPZ_AMB,1,0.0,0.0
10,NPZ_AMB,2,2.103749743507216,1.9198352802928476
10,NPZ_AMB,3,10.426197801818118,12.170532526124758
10,NPZ_AMB,4,11.98199964080412,12.567224956882498
10,NPZ_AMB,5,2.884745490802493,2.944063338980981
10,NPZ_AMB,6,11.53897370804273,9.68632155850028
10,NPZ_AMB,7,17.99952812906707,18.720894911568447
10,NPZ_AMB,8,12.349533445003976,12.426665600124135
10,NPZ_AMB,9,1.5560962732842787,1.7428637566938106
10,NPZ_AMB,10,0.01674232967354234,0.03622711619557438
10,NPZ_AMB,11,4.5948367494958395,2.595978364836596
10,NPZ_AMB,12,3.1551668834355526,3.3168649717767655
10,NPZ_AMB,13,1.269633456865967,0.8590404423609145
10,NPZ_AMB,14,2.382720049749364,2.8076788610723127
10,NPZ_AMB,15,13.495117105672481,13.917221176973756
10,NPZ_UAMB,1,0.0,0.0
10,NPZ_UAMB,2,2.103749743507216,1.9198352802928476
10,NPZ_UAMB,3,10.426197801818118,12.170532526124758
10,NPZ_UAMB,4,16.08013088858597,18.633370876752554
10,NPZ_UAMB,5,2.68376157750734,2.411014807451964
10,NPZ_UAMB,6,13.392022105612769,10.500629829319731
10,NPZ_UAMB,7,9.096471972905501,8.576734898553267
10,NPZ_UAMB,8,13.906166304158946,12.88431556165369
10,NPZ_UAMB,9,1.5736694605494406,1.7538338420617456
10,NPZ_UAMB,10,0.005611358230664835,0.03678014253279726
10,NPZ_UAMB,11,3.8102216273131546,3.4118410148545446
10,NPZ_UAMB,12,3.683770695335671,3.776878662859778
10,NPZ_UAMB,13,1.386029939108709,0.8721600528906583
10,NPZ_UAMB,14,3.486671354175556,3.1993000394040614
10,NPZ_UAMB,15,11.377211728146722,12.608310709264705
11,MVRR_AMB,1,0.0,0.0
11,MVRR_AMB,2,10.667241805961396,11.531690586743993
11,MVRR_AMB,3,13.223363535425838,15.344371909929787
11,MVRR_AMB,4,15.364624586895392,12.190332544753291
11,MVRR_AMB,5,4.349980577913536,3.864169489201102
11,MVRR_AMB,6,8.664304336788987,8.112603254877994
11,MVRR_AMB,7,19.750612828454774,17.049998155041433
11,MVRR_AMB,8,13.536622366735806,10.427849523197004
11,MVRR_AMB,9,8.063004834230368,7.2004402953706235
11,MVRR_AMB,10,1.1338939998893596,1.726382143313675
11,MVRR_AMB,11,7.534828227234993,7.304277228586156
11,MVRR_AMB,12,0.5723309598256027,0.4900633597550172
11,MVRR_AMB,13,10.276599380895707,11.373133245572836
11,MVRR_UAMB,1,0.0,0.0
11,MVRR_UAMB,2,10.667241805961396,11.531690586743993
11,MVRR_UAMB,3,13.223364911287044,15.316015410455528
11,MVRR_UAMB,4,13.978884696527363,8.989329533140387
11,MVRR_UAMB,5,3.776575629428958,3.951506406892857
11,MVRR_UAMB,6,8.793380755914542,8.462908525045018
11,MVRR_UAMB,7,1.3727839213305808,1.982832697286545
11,MVRR_UAMB,8,1.4136432155572651,1.4029789153425642
11,MVRR_UAMB,9,16.923076334565888,17.96179375960656
11,MVRR_UAMB,10,10.013629308593929,9.555471654279028
11,MVRR_UAMB,11,10.552739196669956,9.812098662451683
11,MVRR_UAMB,12,0.9502652858493995,1.2408652309255415
11,MVRR_UAMB,13,9.985905705274845,8.03015408412376
11,MVRR_UAMB,14,0.6653115741967461,0.4182952575239434
11,MVRR_UAMB,15,10.737556396818702,11.093773398626483
11,NPS_AMB,1,0.0,0.0
11,NPS_AMB,2,10.667241805961396,11.531690586743993
11,NPS_AMB,3,13.223363535425838,15.344371909929787
11,NPS_AMB,4,17.933492294580578,14.839030471385373
11,NPS_AMB,5,3.35666588477004,4.6287789015048215
11,NPS_AMB,6,4.50370967814437,6.912831644540938
11,NPS_AMB,7,16.009382041535233,16.068333566667384
11,NPS_AMB,8,12.05765687271048,10.476563265088593
11,NPS_AMB,9,5.035917214510667,5.885174079811949
11,NPS_AMB,10,0.5401202861498445,0.9090376907758924
11,NPS_AMB,11,4.359523895209914,4.284064443352046
11,NPS_AMB,12,0.418428114121735,0.42223662692942915
11,NPS_AMB,13,9.790697829308918,11.550824688548385
11,NPS_UAMB,1,0.0,0.0
11,NPS_UAMB,2,10.667241805961396,11.531690586743993
11,NPS_UAMB,3,13.223363535425838,15.344371909929787
11,NPS_UAMB,4,17.933492294580578,14.839030471385373
11,NPS_UAMB,5,1.578673467758945,2.2731284050533107
11,NPS_UAMB,6,2.2687961620780768,2.6252427607247606
11,NPS_UAMB,7,8.882332246732599,8.846408510620375
11,NPS_UAMB,8,15.052107344775944,15.101535158633915
11,NPS_UAMB,9,11.488983166951137,11.186413401357594
11,NPS_UAMB,10,4.632677404234579,5.771291295994218
11,NPS_UAMB,11,0.5526288853167356,0.9370348325011745
11,NPS_UAMB,12,4.139131911747543,3.8267990350298207
11,NPS_UAMB,13,0.4051575458201962,0.379870248733234
11,NPS_UAMB,14,9.473451408256045,11.241099068817743
11,NPZ_AMB,1,0.0,0.0
11,NPZ_AMB,2,3.3114557734418284,2.5581629915475324
11,NPZ_AMB,3,12.933542499775452,12.790689582385184
11,NPZ_AMB,4,14.346798238420325,15.691925457683006
11,NPZ_AMB,5,10.282121743814912,8.91367092537282
11,NPZ_AMB,6,6.531387883539297,5.557618330735756
11,NPZ_AMB,7,3.8507644734622515,6.1700537099377435
11,NPZ_AMB,8,19.249815859476758,17.836699082813784
11,NPZ_AMB,9,12.788290080440346,10.372244780450645
11,NPZ_AMB,10,9.625015246912517,9.898603872043866
11,NPZ_AMB,11,1.7331396856313763,2.8335108272145573
11,NPZ_AMB,12,9.672513415427806,10.382735722153276
11,NPZ_AMB,13,0.5916287891136167,0.8174734395259297
11,NPZ_AMB,14,10.869965667735327,12.081434162122866
11,NPZ_UAMB,1,0.0,0.0
11,NPZ_UAMB,2,3.3114557734418284,2.5581629915475324
11,NPZ_UAMB,3,12.93353974805304,12.7955766413921
11,NPZ_UAMB,4,14.34679548669791,15.677445894341565
11,NPZ_UAMB,5,12.884842172530632,10.576917205658852
11,NPZ_UAMB,6,2.600299428939524,3.055217102094821
11,NPZ_UAMB,7,8.816272334674986,7.519608450564237
11,NPZ_UAMB,8,15.156151345103115,15.861598037579425
11,NPZ_UAMB,9,9.27950898063517,10.55329435666694
11,NPZ_UAMB,10,5.471825473283447,7.530900831419889
11,NPZ_UAMB,11,0.7304046427868698,1.1596001607224982
11,NPZ_UAMB,12,6.608830983292217,6.677165193924838
11,NPZ_UAMB,13,0.4750091163857175,0.6281046325307725
11,NPZ_UAMB,14,10.073784368316817,11.380514396982566
12,MVRR_AMB,1,0.0,0.0
12,MVRR_AMB,2,13.93194031214785,14.469351699563955
12,MVRR_AMB,3,4.335253015589551,4.467747073953052
12,MVRR_AMB,4,13.409711553149915,11.075384841613582
12,MVRR_AMB,5,4.501672371662249,3.1565509998096966
12,MVRR_AMB,6,10.759255275895413,10.714751669296945
12,MVRR_AMB,7,16.45786188812078,15.851660192081969
12,MVRR_AMB,8,14.208928690321455,12.350283289361737
12,MVRR_AMB,9,7.1205247730289,7.011068134713774
12,MVRR_AMB,10,5.235498609288034,4.702333129556431
12,MVRR_AMB,11,13.696015887555456,10.613629998173234
12,MVRR_AMB,12,6.495578343907248,6.535112855774335
12,MVRR_UAMB,1,0.0,0.0
12,MVRR_UAMB,2,13.93194031214785,14.48188854688125
12,MVRR_UAMB,3,4.335253015589551,4.453510006149326
12,MVRR_UAMB,4,6.130373872730677,6.108975791310326
12,MVRR_UAMB,5,3.3253894638494312,3.100836532132086
12,MVRR_UAMB,6,8.052766363059202,6.73490114568069
12,MVRR_UAMB,7,4.44316352987342,4.461963641369837
12,MVRR_UAMB,8,10.455917779748418,10.68144894878387
12,MVRR_UAMB,9,10.574228084929961,11.4823184952649
12,MVRR_UAMB,10,15.135942695696132,13.651337546583713
12,MVRR_UAMB,11,9.222268338913802,7.815953820057754
12,MVRR_UAMB,12,5.72324347092677,5.330832032314307
12,MVRR_UAMB,13,13.801693035135221,10.634347028296167
12,MVRR_UAMB,14,6.0057358098759375,6.213669714075108
12,NPS_AMB,1,0.0,0.0
12,NPS_AMB,2,13.93194031214785,14.469351699563955
12,NPS_AMB,3,4.335253015589551,4.467747073953052
12,NPS_AMB,4,12.742594978036701,11.661480389905327
12,NPS_AMB,5,1.3524754359947715,2.3083284381707037
12,NPS_AMB,6,14.30875567604947,14.419493241148222
12,NPS_AMB,7,15.236185191508632,16.56232139853244
12,NPS_AMB,8,13.35791313043245,12.48060486287954
12,NPS_AMB,9,6.312917634217668,5.881759880227021
12,NPS_AMB,10,4.069628563054357,4.205650673517657
12,NPS_AMB,11,10.030022006943568,8.603408031840882
12,NPS_AMB,12,6.733906226045448,5.917188306304759
12,NPS_UAMB,1,0.0,0.0
12,NPS_UAMB,2,13.93194031214785,14.48188854688125
12,NPS_UAMB,3,4.335253015589551,4.453510006149326
12,NPS_UAMB,4,12.742594978036701,11.654334166796675
12,NPS_UAMB,5,2.6176677848675083,1.5884499935298921
12,NPS_UAMB,6,1.3751710405245567,1.7808359781604608
12,NPS_UAMB,7,13.509550921628792,13.27699735699331
12,NPS_UAMB,8,13.419745708931854,13.782232854224793
12,NPS_UAMB,9,13.273897541694158,12.443625841221621
12,NPS_UAMB,10,5.625403916712125,5.6715145292002545
12,NPS_UAMB,11,4.028586623252456,4.340836260367161
12,NPS_UAMB,12,10.298261971633085,8.414917798217656
12,NPS_UAMB,13,6.510113457644917,5.809050086991148
12,NPZ_AMB,1,0.0,0.0
12,NPZ_AMB,2,2.3094550965165057,2.6034807640151842
12,NPZ_AMB,3,15.46390397986306,15.212432323632669
12,NPZ_AMB,4,5.127362453766233,5.190251005741935
12,NPZ_AMB,5,9.601521728874053,9.215452322494807
12,NPZ_AMB,6,4.955188902160967,4.370511522808236
12,NPZ_AMB,7,10.933889211303923,12.052717530977699
12,NPZ_AMB,8,19.581022800230766,17.46812787926392
12,NPZ_AMB,9,13.944825252350492,13.094708129829595
12,NPZ_AMB,10,5.687547439844289,5.824451133375912
12,NPZ_AMB,11,5.30348094341699,4.976265719989506
12,NPZ_AMB,12,5.027257544074423,4.918117611810861
12,NPZ_UAMB,1,0.0,0.0
12,NPZ_UAMB,2,2.3094550965165057,2.6106725625263145
12,NPZ_UAMB,3,15.46390397986306,15.206419810158504
12,NPZ_UAMB,4,5.127362453766233,5.202631692812247
12,NPZ_UAMB,5,15.898334907664928,14.526632585225624
12,NPZ_UAMB,6,2.423082658080357,2.8593054731215646
12,NPZ_UAMB,7,10.54717865360226,11.57570782640582
12,NPZ_UAMB,8,11.116182566051258,10.886503863407597
12,NPZ_UAMB,9,13.494091745108037,12.505047037220162
12,NPZ_UAMB,10,6.53140439387378,6.446693307295399
12,NPZ_UAMB,11,5.337435822142137,5.123401005386259
12,NPZ_UAMB,12,4.530161598747312,4.522399290787607
13,MVRR_AMB,1,0.0,0.0
13,MVRR_AMB,2,11.386972001557163,13.45904030500099
13,MVRR_AMB,3,11.051760616760463,10.887868717724844
13,MVRR_AMB,4,3.212310526941833,3.4599142933543203
13,MVRR_AMB,5,8.600280011386989,8.974342964944201
13,MVRR_AMB,6,15.81871932306631,14.776014652248032
13,MVRR_AMB,7,18.6775112559924,16.827884625243925
13,MVRR_AMB,8,1.5679319473340063,3.224522671014299
13,MVRR_AMB,9,1.846876628161176,2.1649932814274147
13,MVRR_AMB,10,5.158175209460116,5.210127728632753
13,MVRR_AMB,11,0.9568010565388133,1.0190588621424754
13,MVRR_AMB,12,12.302934401787397,11.505822332262415
13,MVRR_AMB,13,16.707354368005046,15.270552914587174
13,MVRR_UAMB,1,0.0,0.0
13,MVRR_UAMB,2,11.386972001557163,13.45904030500099
13,MVRR_UAMB,3,8.718405263236203,8.071581952994197
13,MVRR_UAMB,4,4.124942655120758,3.8794983028725043
13,MVRR_UAMB,5,9.906991121961143,9.026677285601753
13,MVRR_UAMB,6,5.269130160629558,7.224740756006935
13,MVRR_UAMB,7,6.724096507622885,7.864739106732101
13,MVRR_UAMB,8,10.892704181936503,9.781255981776551
13,MVRR_UAMB,9,16.465127811154435,12.676246823056243
13,MVRR_UAMB,10,2.1263542832233693,2.386857952329123
13,MVRR_UAMB,11,1.982459322951522,2.1432864911487655
13,MVRR_UAMB,12,2.092460114373978,4.426666266072056
13,MVRR_UAMB,13,0.6915311892340356,0.7757177717229483
13,MVRR_UAMB,14,12.746707427184132,11.43429199604616
13,MVRR_UAMB,15,16.775513156333787,15.09477615446368
13,NPS_AMB,1,0.0,0.0
13,NPS_AMB,2,11.386972001557163,13.452138985187165
13,NPS_AMB,3,11.460908031093687,10.748239443142348
13,NPS_AMB,4,4.206586947068954,4.786797249048173
13,NPS_AMB,5,8.556504235366972,9.163884356529499
13,NPS_AMB,6,14.27080529637948,13.550214499598795
13,NPS_AMB,7,19.22041370548525,17.34230537189269
13,NPS_AMB,8,0.8959312369189395,2.089990099542286
13,NPS_AMB,9,1.3407086409967144,1.8066295921715632
13,NPS_AMB,10,4.625607541422911,4.687157724409598
13,NPS_AMB,11,6.707546961095659,6.131947857951372
13,NPS_AMB,12,4.775099763058414,4.553200179678581
13,NPS_UAMB,1,0.0,0.0
13,NPS_UAMB,2,11.386972001557163,13.45904030500099
13,NPS_UAMB,3,11.460908031093687,10.752616057641504
13,NPS_UAMB,4,6.065488258213156,5.379789301639517
13,NPS_UAMB,5,3.9658783090948586,4.03069237882962
13,NPS_UAMB,6,11.47045031649416,11.927571947320265
13,NPS_UAMB,7,8.296434822454648,8.201224539006393
13,NPS_UAMB,8,9.607601659547356,6.593263113736115
13,NPS_UAMB,9,1.8795877283552822,2.0531424726296277
13,NPS_UAMB,10,1.1986634401262222,1.4918543898289378
13,NPS_UAMB,11,5.0399261301022795,4.327075240541024
13,NPS_UAMB,12,6.388675991922735,6.4765893954601825
13,NPS_UAMB,13,4.692303617306065,4.892288827347658
13,NPZ_AMB,1,0.0,0.0
13,NPZ_AMB,2,2.103749743507216,1.9198352802928476
13,NPZ_AMB,3,11.615237694741335,13.043890696152651
13,NPZ_AMB,4,12.643096823137135,13.314229537113297
13,NPZ_AMB,5,2.9183928645478963,1.7559805295098152
13,NPZ_AMB,6,13.070592034595007,14.032975304015526
13,NPZ_AMB,7,12.299988682943418,11.550115432096227
13,NPZ_AMB,8,16.741704806827176,16.695561173670082
13,NPZ_AMB,9,3.306857989253662,4.167888786833012
13,NPZ_AMB,10,3.327513449587587,3.1221555015330402
13,NPZ_AMB,11,11.728387144535787,12.58102484478773
13,NPZ_AMB,12,2.838559377930635,2.7213824384182774
13,NPZ_AMB,13,3.79709694329521,4.518803563514694
13,NPZ_AMB,14,10.413876104797051,10.140236572801047
13,NPZ_UAMB,1,0.0,0.0
13,NPZ_UAMB,2,2.103749743507216,1.9198352802928476
13,NPZ_UAMB,3,11.615237694741335,13.055310344169943
13,NPZ_UAMB,4,18.99220167088815,19.11787489731843
13,NPZ_UAMB,5,1.2550231007185442,1.7939039079036205
13,NPZ_UAMB,6,13.66358408718635,13.440804640564703
13,NPZ_UAMB,7,8.757565712837666,7.351904728054896
13,NPZ_UAMB,8,11.831572607469852,10.685592354808458
13,NPZ_UAMB,9,2.0559494014743596,2.7496132185747566
13,NPZ_UAMB,10,2.8589950444367576,3.057449780868322
13,NPZ_UAMB,11,10.41362243038703,11.782128283277398
13,NPZ_UAMB,12,5.527565394393386,3.8112672818304003
13,NPZ_UAMB,13,2.269628558108253,4.514770226386659
13,NPZ_UAMB,14,9.412250522033261,8.876253347955203
14,MVRR_AMB,1,0.0,0.0
14,MVRR_AMB,2,14.796149005149843,15.697896695320964
14,MVRR_AMB,3,4.760667924902587,4.689346375624479
14,MVRR_AMB,4,14.263506352676863,13.50025560331496
14,MVRR_AMB,5,1.868356917288639,2.9336301834490395
14,MVRR_AMB,6,11.486355959976557,7.76346402708382
14,MVRR_AMB,7,17.823119332701655,18.56541296416002
14,MVRR_AMB,8,11.693372852681327,13.046462180748353
14,MVRR_AMB,9,5.134895293874024,7.944573453262617
14,MVRR_AMB,10,3.8593615422135814,3.6840458675770513
14,MVRR_AMB,11,1.9425775781123418,1.564453598220306
14,MVRR_AMB,12,8.396972440496027,5.78663988767047
14,MVRR_UAMB,1,0.0,0.0
14,MVRR_UAMB,2,14.796149005149843,15.699162487631313
14,MVRR_UAMB,3,4.760667924902587,4.687158412340202
14,MVRR_UAMB,4,4.228342064472496,3.6496159727702224
14,MVRR_UAMB,5,3.5391501402598333,4.183931672470797
14,MVRR_UAMB,6,10.645124149129835,9.918222276993088
14,MVRR_UAMB,7,2.3365167386124197,1.2740157467926023
14,MVRR_UAMB,8,7.33250302124576,6.891486533777053
14,MVRR_UAMB,9,13.912317779615007,15.593267953980858
14,MVRR_UAMB,10,8.580749661555009,8.011089463310316
14,MVRR_UAMB,11,3.2651263990218014,4.5944931281594155
14,MVRR_UAMB,12,3.534394475998175,3.68824740373763
14,MVRR_UAMB,13,2.4663710352678274,1.52300595134502
14,MVRR_UAMB,14,8.396067467787187,5.625436421433138
14,NPS_AMB,1,0.0,0.0
14,NPS_AMB,2,14.796149005149843,15.697896695320964
14,NPS_AMB,3,4.760667924902587,4.689346375624479
14,NPS_AMB,4,10.761049398909213,11.336213041981514
14,NPS_AMB,5,4.358321736480383,4.306577316315289
14,NPS_AMB,6,11.658397084940658,11.182943479393787
14,NPS_AMB,7,14.065927179920841,16.192233995932572
14,NPS_AMB,8,9.038438147198356,12.137158260828924
14,NPS_AMB,9,7.196016213659829,7.9065707908667635
14,NPS_AMB,10,3.3017291226396313,3.691315918194324
14,NPS_AMB,11,1.4793084274311468,1.6582512161743732
14,NPS_AMB,12,6.903775210129154,5.936029263680757
14,NPS_UAMB,1,0.0,0.0
14,NPS_UAMB,2,14.796149005149843,15.699162487631313
14,NPS_UAMB,3,4.760667924902587,4.687158412340202
14,NPS_UAMB,4,10.761049398909213,11.347746886478978
14,NPS_UAMB,5,4.547010094117401,3.8710336607623383
14,NPS_UAMB,6,3.308793482006472,3.430033683628114
14,NPS_UAMB,7,11.155935323902291,10.606673643911135
14,NPS_UAMB,8,12.824050089068947,13.637174431319858
14,NPS_UAMB,9,8.549683403433754,9.265737297884678
14,NPS_UAMB,10,8.115640468492233,8.187386126987368
14,NPS_UAMB,11,3.296224989881418,3.9751175610645104
14,NPS_UAMB,12,1.2479065446171667,1.3517975663763957
14,NPS_UAMB,13,6.617201034944408,5.16437819372011
14,NPZ_AMB,1,0.0,0.0
14,NPZ_AMB,2,2.8050437428957924,2.806175044773168
14,NPZ_AMB,3,14.4325446605569,14.004893976782647
14,NPZ_AMB,4,5.521438340473747,8.8490845606678
14,NPZ_AMB,5,10.380169053071798,9.300378043421466
14,NPZ_AMB,6,3.2544985591290834,3.4529176951519194
14,NPZ_AMB,7,2.4964165763562107,1.3398890576740277
14,NPZ_AMB,8,16.66202593261304,20.465164970398362
14,NPZ_AMB,9,9.686178468934763,11.527033296558628
14,NPZ_AMB,10,3.696720644980339,7.15354956957818
14,NPZ_AMB,11,3.5939310861085603,4.059084650695259
14,NPZ_AMB,12,1.8239673351876937,1.3181606835726951
14,NPZ_AMB,13,9.632524955353766,5.027758099579759
14,NPZ_UAMB,1,0.0,0.0
14,NPZ_UAMB,2,2.8050437428957924,2.806175044773168
14,NPZ_UAMB,3,14.432543284695694,14.01516615655338
14,NPZ_UAMB,4,5.521445907710385,8.854520588296271
14,NPZ_UAMB,5,15.134038503785778,14.1037117683154
14,NPZ_UAMB,6,2.3362441461108023,2.6021140178887774
14,NPZ_UAMB,7,9.24979313028849,6.883099283859775
14,NPZ_UAMB,8,16.167141039241084,18.760276186893616
14,NPZ_UAMB,9,12.838166425051767,14.175579190527346
14,NPZ_UAMB,10,10.183509643532592,7.702031136265022
14,NPZ_UAMB,11,5.852460915826033,8.575365228721795
14,NPZ_UAMB,12,1.9376265415593033,1.5150655123546841
14,NPZ_UAMB,13,11.119341887347607,9.808383149262443
14,NPZ_UAMB,14,17.251818419967734,14.693209133441211
15,MVRR_AMB,1,0.0,0.0
15,MVRR_AMB,2,14.52879440714697,14.553884612116043
15,MVRR_AMB,3,10.953694733377283,10.477600664438597
15,MVRR_AMB,4,2.252037828612703,2.400027695801594
15,MVRR_AMB,5,9.731187016596163,7.6486174524906545
15,MVRR_AMB,6,12.98686812843258,15.910979072156362
15,MVRR_AMB,7,24.48802904292601,21.919062273233926
15,MVRR_AMB,8,4.595987313430111,6.653941344682928
15,MVRR_AMB,9,4.7390218444996925,6.02246989378754
15,MVRR_AMB,10,9.059600268421724,11.250183192436317
15,MVRR_AMB,11,7.992602016273169,8.149676523028585
15,MVRR_UAMB,1,0.0,0.0
15,MVRR_UAMB,2,14.52879440714697,14.54106158566771
15,MVRR_UAMB,3,4.119637678272244,5.071010618384525
15,MVRR_UAMB,4,3.865593161584944,4.1856023119412775
15,MVRR_UAMB,5,8.541386272425529,9.142372078628975
15,MVRR_UAMB,6,11.016000608131861,10.076203476283853
15,MVRR_UAMB,7,8.454252294261792,8.173824951001533
15,MVRR_UAMB,8,10.64215710443715,10.02052237324051
15,MVRR_UAMB,9,17.528195227834868,19.49156430455797
15,MVRR_UAMB,10,2.4366397064825702,4.0746487366330415
15,MVRR_UAMB,11,4.376240608873778,5.749201844317399
15,MVRR_UAMB,12,7.8779349915675025,10.550517868751411
15,MVRR_UAMB,13,7.8694994145253325,8.332342048232388
15,NPS_AMB,1,0.0,0.0
15,NPS_AMB,2,14.52879440714697,14.553884612116043
15,NPS_AMB,3,12.177865866357548,13.340449324133237
15,NPS_AMB,4,3.419858158107165,3.0053521083383568
15,NPS_AMB,5,9.9490608300846,7.823884284054339
15,NPS_AMB,6,10.270065072058825,11.155329944971253
15,NPS_AMB,7,10.67038427295796,17.200513243492942
15,NPS_AMB,8,5.932382629543187,7.139457999097085
15,NPS_AMB,9,4.787639276106798,6.631364150208262
15,NPS_AMB,10,8.19877206640509,10.36201456444672
15,NPS_AMB,11,7.646652894669849,7.453135780144555
15,NPS_UAMB,1,0.0,0.0
15,NPS_UAMB,2,14.52879440714697,14.553884612116043
15,NPS_UAMB,3,12.177865866357548,13.340449324133237
15,NPS_UAMB,4,1.1889020488285509,1.472488627393833
15,NPS_UAMB,5,1.6346431576904354,1.6857990532242761
15,NPS_UAMB,6,9.579203884236888,8.745306789484165
15,NPS_UAMB,7,8.861992890510958,7.860176063039409
15,NPS_UAMB,8,10.221766840251721,8.175268229407575
15,NPS_UAMB,9,5.955561763295873,7.558120181606644
15,NPS_UAMB,10,4.831216240182417,5.3779470234834745
15,NPS_UAMB,11,8.257840539739826,10.338711603185414
15,NPS_UAMB,12,8.640302094069273,7.832741046608472
15,NPZ_AMB,1,0.0,0.0
15,NPZ_AMB,2,2.8050437428957924,2.8115022073836435
15,NPZ_AMB,3,14.66365632264755,16.92374087552882
15,NPZ_AMB,4,8.564707119882526,8.93038075973065
15,NPZ_AMB,5,4.206023531904727,2.732783168343973
15,NPZ_AMB,6,8.295751019434817,6.556476712647164
15,NPZ_AMB,7,13.339894852066855,13.595738995212784
15,NPZ_AMB,8,23.01083703399638,17.15858800079621
15,NPZ_AMB,9,4.539442169548834,5.451025203557496
15,NPZ_AMB,10,3.9424236591354904,5.035120590871871
15,NPZ_AMB,11,9.111214325737462,11.420008492926701
15,NPZ_AMB,12,7.289650104130274,7.960929519307623
15,NPZ_UAMB,1,0.0,0.0
15,NPZ_UAMB,2,2.8050437428957924,2.806175044773168
15,NPZ_UAMB,3,14.66365632264755,16.943821569843564
15,NPZ_UAMB,4,13.587031857564902,13.216770408522361
15,NPZ_UAMB,5,1.9618742035217998,1.8562665369329836
15,NPZ_UAMB,6,11.166034145160955,8.89812919717965
15,NPZ_UAMB,7,11.134039180725042,10.074731992723072
15,NPZ_UAMB,8,9.116135781274552,9.664847116782946
15,NPZ_UAMB,9,6.463533160537281,6.192241535690856
15,NPZ_UAMB,10,4.7556415599484705,5.339100958167791
15,NPZ_UAMB,11,9.260638356251897,10.231004372394864
15,NPZ_UAMB,12,6.523570240161678,7.327053578970522
16,MVRR_AMB,1,0.0,0.0
16,MVRR_AMB,2,11.22743057565777,11.109026023983555
16,MVRR_AMB,3,3.05549399416271,2.8932183880799003
16,MVRR_AMB,4,15.673206865963097,14.869939193398436
16,MVRR_AMB,5,2.323931736152883,2.8682504627755905
16,MVRR_AMB,6,9.452526967056171,8.32585830229486
16,MVRR_AMB,7,17.04810221829832,19.45590060621385
16,MVRR_AMB,8,9.807197844832697,10.783832284634311
16,MVRR_AMB,9,1.7622004540609195,3.112648300593344
16,MVRR_AMB,10,5.569939855774171,6.580127078863214
16,MVRR_AMB,11,5.122188527697676,5.822181650315127
16,MVRR_AMB,12,13.17190357456527,11.839009137293159
16,MVRR_AMB,13,3.094986026315035,2.0423214962199907
16,MVRR_AMB,14,15.020132674292832,13.359039960760903
16,MVRR_UAMB,1,0.0,0.0
16,MVRR_UAMB,2,11.22743057565777,11.109026023983555
16,MVRR_UAMB,3,3.055495370023917,2.9142934860819305
16,MVRR_UAMB,4,4.483151903956135,5.157272644508388
16,MVRR_UAMB,5,2.684751681628357,3.3013163642775605
16,MVRR_UAMB,6,10.89387160017056,12.037178554506943
16,MVRR_UAMB,7,4.592752663732684,5.776703933982172
16,MVRR_UAMB,8,10.524590452237938,10.22590474283148
16,MVRR_UAMB,9,11.743041442250505,14.165062107461784
16,MVRR_UAMB,10,10.445874680868632,11.482692729513179
16,MVRR_UAMB,11,1.586726383402945,2.4893692432718058
16,MVRR_UAMB,12,5.735482100327469,6.891353075239984
16,MVRR_UAMB,13,4.684822543976184,5.737550707652047
16,MVRR_UAMB,14,13.317755869386588,11.494789301244266
16,MVRR_UAMB,15,2.9999910651456614,2.0451050354242053
16,MVRR_UAMB,16,15.149679293985846,13.524564835066466
16,NPS_AMB,1,0.0,0.0
16,NPS_AMB,2,11.22743057565777,11.109026023983555
16,NPS_AMB,3,3.055495370023917,2.9142934860819305
16,NPS_AMB,4,9.395500271752478,9.654423592279453
16,NPS_AMB,5,2.5563528741472012,3.448351555771512
16,NPS_AMB,6,12.547713869107413,12.852844112407002
16,NPS_AMB,7,15.857437433289752,19.172392021780734
16,NPS_AMB,8,9.908488746884856,11.717520592723671
16,NPS_AMB,9,2.759358615485898,4.226520424234557
16,NPS_AMB,10,4.852037147826471,6.18856661040722
16,NPS_AMB,11,1.2294998434345983,0.9146340062349682
16,NPS_AMB,12,11.008382464629243,11.265052124499311
16,NPS_AMB,13,0.006992523691551239,0.02184666994922263
16,NPS_AMB,14,2.8466619965607345,5.561255075870901
16,NPS_AMB,15,2.114401918945031,3.066516448247833
16,NPS_UAMB,1,0.0,0.0
16,NPS_UAMB,2,11.22743057565777,11.109026023983555
16,NPS_UAMB,3,3.055495370023917,2.9142934860819305
16,NPS_UAMB,4,9.395500271752478,9.654423592279453
16,NPS_UAMB,5,5.291223051959395,5.082654531778541
16,NPS_UAMB,6,2.689164584466846,3.6415967657257915
16,NPS_UAMB,7,13.134969956327181,12.880487915776087
16,NPS_UAMB,8,11.97881039452652,11.699359224792559
16,NPS_UAMB,9,9.585819024919676,10.613346570764612
16,NPS_UAMB,10,2.8974787423070736,4.6134033085523845
16,NPS_UAMB,11,4.943565282719753,5.068594950070506
16,NPS_UAMB,12,1.3307259080273828,0.9527330649066299
16,NPS_UAMB,13,10.415062957070656,10.69516284536367
16,NPS_UAMB,14,0.0066993120824325875,0.024146444798005925
16,NPS_UAMB,15,2.363334853274712,4.982312973959144
16,NPS_UAMB,16,2.2856123677054656,3.121348730917843
16,NPZ_AMB,1,0.0,0.0
16,NPZ_AMB,2,3.129599254627684,2.5430887121994075
16,NPZ_AMB,3,11.227638330700012,12.231320825968123
16,NPZ_AMB,4,2.3274126650063462,3.169169366903501
16,NPZ_AMB,5,11.577885814696346,13.25840396864323
16,NPZ_AMB,6,2.4586249366729667,2.808610835057338
16,NPZ_AMB,7,13.51757356832624,13.24212890642678
16,NPZ_AMB,8,18.23927744781465,15.131998101615943
16,NPZ_AMB,9,9.863508404378198,10.119543792231886
16,NPZ_AMB,10,1.66492207923604,1.688087110411355
16,NPZ_AMB,11,6.33012415447119,7.143666758529
16,NPZ_AMB,12,0.9357005051044553,0.941288221430988
16,NPZ_AMB,13,7.595096451542148,8.078850627750263
16,NPZ_AMB,14,7.0074934753155915,6.780193034759387
16,NPZ_UAMB,1,0.0,0.0
16,NPZ_UAMB,2,3.129599254627684,2.5430887121994075
16,NPZ_UAMB,3,11.22763970656122,12.226216380890515
16,NPZ_UAMB,4,2.3274171365552685,3.1488086848331545
16,NPZ_UAMB,5,13.71819184650566,16.779442271975398
16,NPZ_UAMB,6,2.3547343448703644,3.2536696027519247
16,NPZ_UAMB,7,15.645721286632808,13.651062374342333
16,NPZ_UAMB,8,9.988175876266233,9.829140079360377
16,NPZ_UAMB,9,8.32476380470477,10.928537799139674
16,NPZ_UAMB,10,1.2683593233970498,1.4973817402450176
16,NPZ_UAMB,11,6.909681610307735,7.074861315433014
16,NPZ_UAMB,12,1.2178874028656905,1.0415338129312037
16,NPZ_UAMB,13,7.541009283707002,7.656436471729481
16,NPZ_UAMB,14,6.457332154077772,6.2219137884355415
17,MVRR_AMB,1,0.0,0.0
17,MVRR_AMB,2,17.147326576817715,17.368830600100562
17,MVRR_AMB,3,4.647994179120421,6.162187911417882
17,MVRR_AMB,4,10.224995986504322,10.108497690532268
17,MVRR_AMB,5,3.762134246236008,4.160783839560567
17,MVRR_AMB,6,10.941629806453955,11.098356220324026
17,MVRR_AMB,7,20.01688599954902,17.330735755003847
17,MVRR_AMB,8,14.12157388643401,20.46612532152078
17,MVRR_AMB,9,4.481117005231126,3.9909275821930263
17,MVRR_AMB,10,3.7051061750711076,3.317799181536252
17,MVRR_AMB,11,4.792986216722123,5.134068057323374
17,MVRR_AMB,12,9.48965372181118,10.093207228992009
17,MVRR_UAMB,1,0.0,0.0
17,MVRR_UAMB,2,17.147326576817715,17.3574164555281
17,MVRR_UAMB,3,4.647994179120421,6.173534638791207
17,MVRR_UAMB,4,3.6475597481965067,3.8122926423948442
17,MVRR_UAMB,5,2.47646762075203,4.112983669510362
17,MVRR_UAMB,6,12.136530868118577,9.999287331373178
17,MVRR_UAMB,7,3.4804837623628138,1.9870892678953997
17,MVRR_UAMB,8,4.015369068603046,3.295326552513311
17,MVRR_UAMB,9,12.76263164479282,12.354285669612617
17,MVRR_UAMB,10,15.867135878937209,15.771384194104037
17,MVRR_UAMB,11,6.0359712198108735,3.8146340142036905
17,MVRR_UAMB,12,3.2640281178133916,4.099070273055561
17,MVRR_UAMB,13,2.7341155179402072,3.701659642747817
17,MVRR_UAMB,14,11.39486841298888,10.034730891924193
17,NPS_AMB,1,0.0,0.0
17,NPS_AMB,2,17.147326576817715,17.368830600100562
17,NPS_AMB,3,4.647994179120421,6.162187911417882
17,NPS_AMB,4,12.115291698667624,11.731529611532352
17,NPS_AMB,5,2.322643070149968,2.835039409015426
17,NPS_AMB,6,8.171058094114453,8.25123159043247
17,NPS_AMB,7,17.899417715930433,15.983822667894607
17,NPS_AMB,8,21.716351138176158,25.842291980602525
17,NPS_AMB,9,4.99991883792797,5.446883173394116
17,NPS_AMB,10,2.5007240538297206,3.114404931389257
17,NPS_AMB,11,4.607461307965075,5.411753997128879
17,NPS_AMB,12,10.165836018399325,11.049136505473598
17,NPS_UAMB,1,0.0,0.0
17,NPS_UAMB,2,17.147326576817715,17.3574164555281
17,NPS_UAMB,3,4.647994179120421,6.173534638791207
17,NPS_UAMB,4,12.115291698667624,11.735844312277198
17,NPS_UAMB,5,5.630297855025077,3.6086190924228476
17,NPS_UAMB,6,2.729315998102579,2.7858446316493737
17,NPS_UAMB,7,8.509614885435736,8.958219935391114
17,NPS_UAMB,8,12.15070361441088,10.899979048068
17,NPS_UAMB,9,9.644976241302258,13.9397840968884
17,NPS_UAMB,10,5.112604622495695,5.432329313547502
17,NPS_UAMB,11,2.911889856553472,2.808572998874148
17,NPS_UAMB,12,5.371316060396808,5.817775454800022
17,NPS_UAMB,13,10.667829298696743,10.968122185975512
17,NPZ_AMB,1,0.0,0.0
17,NPZ_AMB,2,2.4706657860251733,5.060946881586637
17,NPZ_AMB,3,17.298123716816637,19.54531782605044
17,NPZ_AMB,4,5.792646725717154,6.845432331598407
17,NPZ_AMB,5,7.023294037398309,8.907379112073654
17,NPZ_AMB,6,1.8241057812216384,2.237822258640336
17,NPZ_AMB,7,12.158116754593669,11.66651604192259
17,NPZ_AMB,8,16.7612434118264,18.478835521854474
17,NPZ_AMB,9,18.88864816508124,25.998207324291126
17,NPZ_AMB,10,5.5172460913763155,4.141035759692595
17,NPZ_AMB,11,2.0588705267992644,2.8100155893495855
17,NPZ_AMB,12,3.2335084205565794,4.183313566823595
17,NPZ_AMB,13,8.054917178090893,10.808661075974072
17,NPZ_UAMB,1,0.0,0.0
17,NPZ_UAMB,2,2.4706657860251733,5.060946881586637
17,NPZ_UAMB,3,17.298123716816637,19.54531782605044
17,NPZ_UAMB,4,5.792646725717154,6.845432331598407
17,NPZ_UAMB,5,8.08972259701588,10.626732840394519
17,NPZ_UAMB,6,2.8188721799210676,2.9131054299297703
17,NPZ_UAMB,7,15.315031669692592,13.675858145013128
17,NPZ_UAMB,8,10.676945755053678,10.582693758936031
17,NPZ_UAMB,9,13.3212863292435,12.906154606590853
17,NPZ_UAMB,10,4.9406240354246975,4.810057214646765
17,NPZ_UAMB,11,2.2328154997084178,2.16581948608216
17,NPZ_UAMB,12,4.372868717020962,4.200382844921729
17,NPZ_UAMB,13,7.795469654444087,8.552791301917495
18,MVRR_AMB,1,0.0,0.0
18,MVRR_AMB,2,11.982214275152396,14.207299670652484
18,MVRR_AMB,3,14.44055354864228,11.260698899640673
18,MVRR_AMB,4,1.6713232735011536,1.7332256769568077
18,MVRR_AMB,5,1.8695630316191398,2.9831873282604597
18,MVRR_AMB,6,19.220305012449906,17.595071713518777
18,MVRR_AMB,7,18.023967551685278,19.733025194646938
18,MVRR_AMB,8,2.8407738265431446,3.8894488750861247
18,MVRR_AMB,9,7.794979503889128,9.69418322943652
18,MVRR_AMB,10,0.6121535856285487,0.5491102492670707
18,MVRR_AMB,11,9.139938180153965,7.388348539703328
18,MVRR_AMB,12,5.344810438211134,2.8228242552465694
18,MVRR_UAMB,1,0.0,0.0
18,MVRR_UAMB,2,11.982214275152396,14.205747699211097
18,MVRR_UAMB,3,9.242077988570783,8.686111736918392
18,MVRR_UAMB,4,4.530690316411727,4.274918749944463
18,MVRR_UAMB,5,10.347936064647092,9.888095732076149
18,MVRR_UAMB,6,0.6911366610329563,0.727584385286696
18,MVRR_UAMB,7,6.97681056652311,6.402728350359434
18,MVRR_UAMB,8,9.36581881793597,10.38859276331106
18,MVRR_UAMB,9,18.016613573534382,17.76253878790053
18,MVRR_UAMB,10,2.349872051365171,5.595159047731392
18,MVRR_UAMB,11,9.02236327278751,9.488072341336496
18,MVRR_UAMB,12,0.5738693446375706,0.48873793246048025
18,MVRR_UAMB,13,8.773199623731697,7.888804295102032
18,MVRR_UAMB,14,5.6389367155605665,2.89247886268119
18,NPS_AMB,1,0.0,0.0
18,NPS_AMB,2,11.982214275152396,14.207299670652484
18,NPS_AMB,3,14.031888373662074,13.199320360835216
18,NPS_AMB,4,2.190266819902308,2.6232506856798166
18,NPS_AMB,5,14.656477078869932,13.188752370904998
18,NPS_AMB,6,13.18589195545585,13.85112635243802
18,NPS_AMB,7,16.994187721044643,21.589894358788545
18,NPS_AMB,8,2.3073522646444062,5.161945069167029
18,NPS_AMB,9,7.295546701297757,9.654310771660487
18,NPS_AMB,10,0.6562188084499667,0.5711018428155489
18,NPS_AMB,11,7.835215876954388,7.583330086500719
18,NPS_AMB,12,4.136842134733955,2.613693093823418
18,NPS_UAMB,1,0.0,0.0
18,NPS_UAMB,2,11.982214275152396,14.205747699211097
18,NPS_UAMB,3,14.031888373662074,13.194533739696404
18,NPS_UAMB,4,2.3795289116626046,1.6657716735313022
18,NPS_UAMB,5,2.124747965264311,1.7995805392606492
18,NPS_UAMB,6,11.857720849707032,12.242778998099206
18,NPS_UAMB,7,12.756796617414349,12.033459601664685
18,NPS_UAMB,8,17.398084161081723,20.086874683282943
18,NPS_UAMB,9,2.2237458226325164,3.4473867331001715
18,NPS_UAMB,10,6.360480468209683,9.500141395843444
18,NPS_UAMB,11,0.7673912316814254,0.5135822882301453
18,NPS_UAMB,12,7.395280128463702,7.116577427226297
18,NPS_UAMB,13,4.238966808677498,2.7624121674519673
18,NPZ_AMB,1,0.0,0.0
18,NPZ_AMB,2,2.3094550965165057,2.6106725625263145
18,NPZ_AMB,3,11.105024331663278,12.235828147281936
18,NPZ_AMB,4,12.868011606351896,12.480398483698504
18,NPZ_AMB,5,2.1959924663148325,1.4240705236790774
18,NPZ_AMB,6,10.093153398422288,7.885492597177018
18,NPZ_AMB,7,16.214549088847324,14.525086461194366
18,NPZ_AMB,8,20.6184964467404,24.293355689038965
18,NPZ_AMB,9,2.560034334771571,3.3046163673823163
18,NPZ_AMB,10,0.6394806399504066,0.46263143901179576
18,NPZ_AMB,11,1.8860905643670558,1.5451994525256112
18,NPZ_AMB,12,6.3877122011473,8.783480058669673
18,NPZ_AMB,13,4.279610092694699,5.4219793976185775
18,NPZ_AMB,14,0.7188261687915075,0.8657452719961265
18,NPZ_AMB,15,6.962876962106832,9.66299967914738
18,NPZ_UAMB,1,0.0,0.0
18,NPZ_UAMB,2,2.3094550965165057,2.6106725625263145
18,NPZ_UAMB,3,11.105024331663278,12.235828147281936
18,NPZ_UAMB,4,19.08806136082606,18.221283247020178
18,NPZ_UAMB,5,2.938956142180959,2.4928016730177256
18,NPZ_UAMB,6,14.368897321125592,13.068363139439827
18,NPZ_UAMB,7,12.075953075039868,11.131867383809945
18,NPZ_UAMB,8,13.215339512867182,15.973800894863528
18,NPZ_UAMB,9,2.429362776559263,4.496751948021064
18,NPZ_UAMB,10,0.7736140799375945,0.5812074573889221
18,NPZ_UAMB,11,1.6302078971073346,1.5509342140186315
18,NPZ_UAMB,12,4.421409100400481,8.190741852471003
18,NPZ_UAMB,13,5.208763218280807,6.760185347079937
18,NPZ_UAMB,14,0.6824621570930752,0.8496127833972424
18,NPZ_UAMB,15,7.808243407862946,9.026863800786614
19,MVRR_AMB,1,0.0,0.0
19,MVRR_AMB,2,12.11918813760557,10.206075143186998
19,MVRR_AMB,3,9.198082074757663,8.343262946562175
19,MVRR_AMB,4,3.5139498663942077,4.276984949511929
19,MVRR_AMB,5,4.069101952177414,4.176835324330895
19,MVRR_AMB,6,16.17815893578596,15.410718689049038
19,MVRR_AMB,7,13.045335350419899,14.607588602605066
19,MVRR_AMB,8,13.517012216953825,14.796597535903294
19,MVRR_AMB,9,8.732321411413418,13.882559277570914
19,MVRR_AMB,10,2.0768808939629193,2.995271861205986
19,MVRR_AMB,11,0.303182066826277,0.5116529868527663
19,MVRR_AMB,12,7.456067138437186,7.09538744481349
19,MVRR_UAMB,1,0.0,0.0
19,MVRR_UAMB,2,12.11918813760557,10.190435040917535
19,MVRR_UAMB,3,6.077250495670965,7.506702872443492
19,MVRR_UAMB,4,2.7049467444059223,2.6685581391884168
19,MVRR_UAMB,5,9.446738718958732,11.676486908089013
19,MVRR_UAMB,6,3.575294358130463,4.878417910607619
19,MVRR_UAMB,7,5.736176910236955,5.028654387164731
19,MVRR_UAMB,8,10.3975110956542,9.089449577305471
19,MVRR_UAMB,9,15.125023861158153,16.091350348797654
19,MVRR_UAMB,10,14.058262257137187,13.944378097458248
19,MVRR_UAMB,11,6.564615619616595,11.752983415331583
19,MVRR_UAMB,12,2.1115589597349436,2.794396296980876
19,MVRR_UAMB,13,0.5416385489916614,0.5136932170399517
19,MVRR_UAMB,14,8.195305068146347,7.691279038907056
19,NPS_AMB,1,0.0,0.0
19,NPS_AMB,2,12.11918813760557,10.206075143186998
19,NPS_AMB,3,7.822761581309507,6.1566782752148415
19,NPS_AMB,4,5.429867897848353,5.654018734127981
19,NPS_AMB,5,8.97583371056188,8.384824273969683
19,NPS_AMB,6,10.241529710627669,11.606928868912851
19,NPS_AMB,7,13.588320351585166,10.715579249812897
19,NPS_AMB,8,10.870562447533821,12.043284626543176
19,NPS_AMB,9,2.718438439400808,4.488429019615209
19,NPS_AMB,10,0.12197371837648768,0.14694383645959616
19,NPS_AMB,11,7.4324345724255005,6.6608289058846815
19,NPS_AMB,12,7.8556002926305535,8.680273269886902
19,NPS_UAMB,1,0.0,0.0
19,NPS_UAMB,2,12.11918813760557,10.190435040917535
19,NPS_UAMB,3,7.822761581309507,6.154176271610089
19,NPS_UAMB,4,1.9010191744099,2.223248792771523
19,NPS_UAMB,5,2.7955214074828207,3.0004636734702324
19,NPS_UAMB,6,8.289400732034359,6.622608857418138
19,NPS_UAMB,7,9.396327164337826,8.778165794758012
19,NPS_UAMB,8,13.493008942338204,11.327865692039238
19,NPS_UAMB,9,10.877748570617474,11.458673632493678
19,NPS_UAMB,10,2.6788339305948186,4.163656293795278
19,NPS_UAMB,11,0.11877666838610486,0.14563318892411772
19,NPS_UAMB,12,6.96420698993728,6.855652916573882
19,NPS_UAMB,13,7.819888783109494,8.632184512948548
19,NPZ_AMB,1,0.0,0.0
19,NPZ_AMB,2,2.4706657860251733,5.060946881586637
19,NPZ_AMB,3,12.954989424268648,10.529882702370287
19,NPZ_AMB,4,11.621206180656877,12.405149882570594
19,NPZ_AMB,5,2.9193518398091074,3.4248232972375745
19,NPZ_AMB,6,10.093009620926168,12.528032174542675
19,NPZ_AMB,7,15.823377989112881,16.19055131767653
19,NPZ_AMB,8,12.138529994452206,13.523400340537473
19,NPZ_AMB,9,11.64317868413111,11.644820086550945
19,NPZ_AMB,10,4.020360693061687,4.344045112666959
19,NPZ_AMB,11,0.14446079394210165,0.11935943159855349
19,NPZ_AMB,12,5.9700213766498145,5.577751995706963
19,NPZ_AMB,13,7.443206533779642,7.453512078184643
19,NPZ_UAMB,1,0.0,0.0
19,NPZ_UAMB,2,2.4706657860251733,5.060946881586637
19,NPZ_UAMB,3,12.954989424268648,10.529882702370287
19,NPZ_UAMB,4,14.3087118204735,14.64651223209629
19,NPZ_UAMB,5,2.385646334553795,1.6874968659535938
19,NPZ_UAMB,6,10.059047862894987,7.723322588441838
19,NPZ_UAMB,7,10.296414190032214,9.014564203536183
19,NPZ_UAMB,8,15.486432331264881,14.667311985874289
19,NPZ_UAMB,9,11.629432454812948,12.048179940717334
19,NPZ_UAMB,10,3.492673548690668,4.552761881892857
19,NPZ_UAMB,11,0.14781960436453662,0.11200941979754532
19,NPZ_UAMB,12,5.2452307635350595,6.092919491025774
19,NPZ_UAMB,13,6.889543817752907,7.769180042467896
20,MVRR_AMB,1,0.0,0.0
20,MVRR_AMB,2,12.985497770670504,11.141572708763436
20,MVRR_AMB,3,13.28785702949939,15.172046669626459
20,MVRR_AMB,4,1.8412115196417551,3.231040469516698
20,MVRR_AMB,5,7.7614435749014845,9.493120376104622
20,MVRR_AMB,6,15.050819538686284,13.85203304497337
20,MVRR_AMB,7,7.395835976391291,5.118627110963609
20,MVRR_AMB,8,11.33432260868323,10.875852633874361
20,MVRR_AMB,9,6.30232763050814,6.460258610864853
20,MVRR_AMB,10,2.037914784756933,2.248642891084671
20,MVRR_AMB,11,9.238974045688012,8.798908966243877
20,MVRR_AMB,12,11.716468918813646,10.706955695733333
20,MVRR_UAMB,1,0.0,0.0
20,MVRR_UAMB,2,12.985497770670504,11.137203661500918
20,MVRR_UAMB,3,6.431438446163868,8.332421160251785
20,MVRR_UAMB,4,4.383136769208075,4.617717665331929
20,MVRR_UAMB,5,9.96651018984114,9.114729651121097
20,MVRR_UAMB,6,10.744419364501383,10.758919565760928
20,MVRR_UAMB,7,10.013255074345652,11.173711450695471
20,MVRR_UAMB,8,10.303554909696038,9.953742197841086
20,MVRR_UAMB,9,6.447309005185487,5.033140726595138
20,MVRR_UAMB,10,14.170820086612672,12.630096310593114
20,MVRR_UAMB,11,5.423405477759532,6.264715024764444
20,MVRR_UAMB,12,1.7675262408101882,1.7634889480811837
20,MVRR_UAMB,13,11.95998586149368,10.530493584746152
20,MVRR_UAMB,14,12.128776256382498,12.163965626575537
20,NPS_AMB,1,0.0,0.0
20,NPS_AMB,2,12.985497770670504,11.141572708763436
20,NPS_AMB,3,14.075794856496746,14.625400501789626
20,NPS_AMB,4,1.9288439035276923,2.791898764925046
20,NPS_AMB,5,9.486056704668384,11.127846429432774
20,NPS_AMB,6,11.36241219108335,11.67470241610366
20,NPS_AMB,7,6.017064823036224,5.26015266625452
20,NPS_AMB,8,11.293945897774867,10.345217362902252
20,NPS_AMB,9,10.957686106738507,10.677818051058855
20,NPS_AMB,10,1.7058855949491472,3.999918147249531
20,NPS_AMB,11,0.20403166084675575,0.2330618378622766
20,NPS_AMB,12,1.4232547602523,1.5397833298735553
20,NPS_UAMB,1,0.0,0.0
20,NPS_UAMB,2,12.985497770670504,11.137203661500918
20,NPS_UAMB,3,14.075794856496746,14.644211276210397
20,NPS_UAMB,4,2.1280300821733764,2.211501173839037
20,NPS_UAMB,5,1.1988582964696497,1.5927610826390701
20,NPS_UAMB,6,9.117094756535764,10.629446210677182
20,NPS_UAMB,7,9.482262079459748,8.339533674760867
20,NPS_UAMB,8,5.538045673171664,5.593350478174918
20,NPS_UAMB,9,10.358268094380325,10.20747301817321
20,NPS_UAMB,10,10.692797739949006,11.033947341714697
20,NPS_UAMB,11,1.266765732154155,3.4015678031879055
20,NPS_UAMB,12,0.15266145343210863,0.2164516244549584
20,NPS_UAMB,13,1.6462208292120617,1.6443848306061493
20,NPZ_AMB,1,0.0,0.0
20,NPZ_AMB,2,3.3114557734418284,2.5557120667900866
20,NPZ_AMB,3,12.798340746556768,11.60505494594905
20,NPZ_AMB,4,11.432709755658223,14.296016577134761
20,NPZ_AMB,5,2.3503253976328455,3.401007139746093
20,NPZ_AMB,6,6.745564070034185,5.5093496799446005
20,NPZ_AMB,7,13.296303441448565,11.243718708555685
20,NPZ_AMB,8,5.649969918561369,6.514550094089225
20,NPZ_AMB,9,11.536442811352634,12.944651203159983
20,NPZ_AMB,10,7.091280843076189,7.599082321458544
20,NPZ_AMB,11,1.0294978650845463,1.7838816189245903
20,NPZ_AMB,12,12.60975815825003,12.391906530523555
20,NPZ_UAMB,1,0.0,0.0
20,NPZ_UAMB,2,3.3114557734418284,2.5581629915475324
20,NPZ_UAMB,3,12.798340746556768,11.607228806655955
20,NPZ_UAMB,4,14.547274974878084,16.408056400361517
20,NPZ_UAMB,5,1.6827503167724311,1.652941251828984
20,NPZ_UAMB,6,8.535752120783263,7.645585054390641
20,NPZ_UAMB,7,4.75074590180901,5.233314085656775
20,NPZ_UAMB,8,5.982613946345989,5.796136597668463
20,NPZ_UAMB,9,11.697350467430482,11.447375060262596
20,NPZ_UAMB,10,6.751177583758346,7.345909412845818
20,NPZ_UAMB,11,1.129667526244406,1.3442026405316434
20,NPZ_UAMB,12,11.85542040976909,12.532032147036443
21,MVRR_AMB,1,0.0,0.0
21,MVRR_AMB,2,16.363362236985893,17.48435891392175
21,MVRR_AMB,3,13.99552023438002,12.387734231413623
21,MVRR_AMB,4,5.067903579814038,3.8161787623737404
21,MVRR_AMB,5,10.91108568766072,11.167524890778633
21,MVRR_AMB,6,20.269079982913038,20.31644262909945
21,MVRR_AMB,7,9.277930179900247,10.548743007794506
21,MVRR_AMB,8,3.2882989974337544,1.7694245853104118
21,MVRR_AMB,9,6.671462249222228,5.91557579697027
21,MVRR_AMB,10,3.8085633705935353,4.503502611032731
21,MVRR_AMB,11,6.247999686961785,6.452337777896716
21,MVRR_AMB,12,10.12423117938115,11.825026603812711
21,MVRR_UAMB,1,0.0,0.0
21,MVRR_UAMB,2,16.363362236985893,17.485624706232098
21,MVRR_UAMB,3,5.535922375364111,5.440290734421243
21,MVRR_UAMB,4,3.518252528353494,4.221656410902855
21,MVRR_UAMB,5,10.138441245908691,9.50548248904864
21,MVRR_UAMB,6,3.009980161473075,3.529300005914317
21,MVRR_UAMB,7,10.603332364970173,11.735146750645299
21,MVRR_UAMB,8,20.70474368235629,20.685920525184656
21,MVRR_UAMB,9,9.224821937313813,9.033899181076785
21,MVRR_UAMB,10,2.752250744508389,1.8381632991378627
21,MVRR_UAMB,11,6.456082184171302,5.631590476628962
21,MVRR_UAMB,12,3.6574711083657303,4.7638406608457045
21,MVRR_UAMB,13,7.050789247757049,6.80311152880469
21,MVRR_UAMB,14,10.287903112606315,10.817100780599864
21,NPS_AMB,1,0.0,0.0
21,NPS_AMB,2,16.363362236985893,17.485624706232098
21,NPS_AMB,3,10.569002564066146,10.602433927602066
21,NPS_AMB,4,3.580075475824449,3.6919398712516545
21,NPS_AMB,5,11.674983091789867,10.760731574970418
21,NPS_AMB,6,19.311422796738228,19.029508835443913
21,NPS_AMB,7,10.019773904743955,10.706290122874494
21,NPS_AMB,8,3.9763795697565416,2.988424543944534
21,NPS_AMB,9,5.837723378508297,5.272057993277847
21,NPS_AMB,10,5.596248041876655,4.189115573533103
21,NPS_AMB,11,5.897769401230538,5.76910298874464
21,NPS_AMB,12,8.167687234157542,9.248840346402709
21,NPS_AMB,13,8.444726003247851,9.252126074947443
21,NPS_UAMB,1,0.0,0.0
21,NPS_UAMB,2,16.363362236985893,17.485624706232098
21,NPS_UAMB,3,10.569002564066146,10.602433927602066
21,NPS_UAMB,4,2.4443875249039397,2.688815803650896
21,NPS_UAMB,5,2.926099407133059,2.982388296864551
21,NPS_UAMB,6,10.720374814049555,10.164825448342855
21,NPS_UAMB,7,18.143118508064237,16.161367925616922
21,NPS_UAMB,8,10.576027711388589,11.405215233230086
21,NPS_UAMB,9,3.9034379439073055,3.00125857728252
21,NPS_UAMB,10,6.118485743972435,5.167473279496362
21,NPS_UAMB,11,5.494652386567166,4.1127508050010935
21,NPS_UAMB,12,5.624010169309533,5.722068141490774
21,NPS_UAMB,13,8.36977647994979,9.748518740219513
21,NPS_UAMB,14,8.488672214074871,9.010157148107824
21,NPZ_AMB,1,0.0,0.0
21,NPZ_AMB,2,3.3114557734418284,2.5581629915475324
21,NPZ_AMB,3,16.091880055362314,14.953983675222073
21,NPZ_AMB,4,8.344628488810027,6.4224692069560705
21,NPZ_AMB,5,5.267023029191187,4.667654547836454
21,NPZ_AMB,6,9.567236643459252,6.299176908344333
21,NPZ_AMB,7,22.327986110121028,22.228364127712844
21,NPZ_AMB,8,9.1464432519402,9.279415422073098
21,NPZ_AMB,9,5.209875602066588,3.7936504109719196
21,NPZ_AMB,10,7.386188437608491,5.958226118523039
21,NPZ_AMB,11,5.558413234548044,5.321124643569006
21,NPZ_AMB,12,10.29760155825377,9.442831961061733
21,NPZ_AMB,13,4.673876880144671,5.043370254668458
21,NPZ_AMB,14,2.1084075496405337,2.6658488964893747
21,NPZ_AMB,15,7.9772618517468095,6.568390294837733
21,NPZ_AMB,16,11.160345045061737,12.033571046422445
21,NPZ_UAMB,1,0.0,0.0
21,NPZ_UAMB,2,3.3114557734418284,2.5581629915475324
21,NPZ_UAMB,3,16.091880055362314,14.953983675222073
21,NPZ_UAMB,4,14.266963203959206,8.802099588382685
21,NPZ_UAMB,5,2.0382068112980978,2.1801047090281265
21,NPZ_UAMB,6,11.340303477349636,10.177970426313601
21,NPZ_UAMB,7,16.16411827216952,14.290382425492496
21,NPZ_UAMB,8,9.930463314150899,9.003375700201653
21,NPZ_UAMB,9,4.670360178899828,2.9997963807848844
21,NPZ_UAMB,10,7.145099030045385,5.172021188715779
21,NPZ_UAMB,11,4.835378220333296,4.121259130704578
21,NPZ_UAMB,12,9.411679023684444,8.661197642183803
21,NPZ_UAMB,13,4.117676044156503,5.014020383402815
21,NPZ_UAMB,14,2.202366659303761,2.7416992649126537
21,NPZ_UAMB,15,7.703479918115891,7.760941385560965
21,NPZ_UAMB,16,11.52467730622446,12.137174427198106
22,MVRR_AMB,1,0.0,0.0
22,MVRR_AMB,2,16.541010684298726,19.353299884292717
22,MVRR_AMB,3,13.026410379518955,12.772198007764414
22,MVRR_AMB,4,2.9260337097604294,3.1759079911296073
22,MVRR_AMB,5,5.640797395860251,5.842527197912197
22,MVRR_AMB,6,18.777573513986795,18.84603774350347
22,MVRR_AMB,7,12.061811973555324,7.376213443858449
22,MVRR_AMB,8,2.9358556389512045,3.400861298458161
22,MVRR_AMB,9,12.752055399695362,12.81184757602493
22,MVRR_AMB,10,11.235463541314271,11.541293410037568
22,MVRR_AMB,11,2.1122797390247094,2.8839051835703775
22,MVRR_AMB,12,5.018421419438394,6.284647212060165
22,MVRR_UAMB,1,0.0,0.0
22,MVRR_UAMB,2,16.541010684298726,19.285419019927772
22,MVRR_UAMB,3,3.6473354828197815,4.453475953584456
22,MVRR_UAMB,4,5.022699659861257,4.300123839324313
22,MVRR_UAMB,5,11.195433547430046,11.353317748505726
22,MVRR_UAMB,6,1.1688734652570207,3.7778335105373686
22,MVRR_UAMB,7,8.80529777775813,8.664194267892436
22,MVRR_UAMB,8,11.067332613900184,10.756461589714796
22,MVRR_UAMB,9,10.918698327718511,8.909766919198233
22,MVRR_UAMB,10,3.2654469746830097,3.856912509265295
22,MVRR_UAMB,11,11.966478550529052,12.100620890618423
22,MVRR_UAMB,12,9.516395132211187,10.836392246529796
22,MVRR_UAMB,13,2.024160128288878,2.4436521270888503
22,MVRR_UAMB,14,4.353668573878639,5.4170426356255605
22,NPS_AMB,1,0.0,0.0
22,NPS_AMB,2,16.541010684298726,19.285419019927772
22,NPS_AMB,3,11.001755629126196,9.649431967820812
22,NPS_AMB,4,3.516947180033445,3.5467641561788317
22,NPS_AMB,5,9.693779414172296,11.290249646642524
22,NPS_AMB,6,13.033531837125883,15.084574917536429
22,NPS_AMB,7,8.6384739184906,7.931101020324628
22,NPS_AMB,8,4.955845875887262,3.743271533054677
22,NPS_AMB,9,2.262303301060053,2.6053335331129293
22,NPS_AMB,10,2.952101464117007,4.71440837543881
22,NPS_AMB,11,2.6966129810930632,3.2287156080423345
22,NPS_AMB,12,5.040952780536605,8.985384939060197
22,NPS_AMB,13,7.798315279385264,8.937134862395334
22,NPS_AMB,14,11.481610939198829,11.424052471481259
22,NPS_UAMB,1,0.0,0.0
22,NPS_UAMB,2,16.541010684298726,19.285419019927772
22,NPS_UAMB,3,11.001755629126196,9.649431967820812
22,NPS_UAMB,4,1.7311949058154197,1.337637288826281
22,NPS_UAMB,5,3.324130206879814,3.0994059804422096
22,NPS_UAMB,6,8.312625957137476,9.644377053746652
22,NPS_UAMB,7,12.402230305089548,14.076471780210541
22,NPS_UAMB,8,8.411610915806866,7.1714027445989466
22,NPS_UAMB,9,4.818536303299603,3.80976621725367
22,NPS_UAMB,10,2.121290426051365,3.1517134718062274
22,NPS_UAMB,11,3.021828734221617,4.233206421769499
22,NPS_UAMB,12,2.7741805962852073,3.1566349273433176
22,NPS_UAMB,13,5.44198854715056,9.014941533472177
22,NPS_UAMB,14,7.49155739227791,8.570890240146346
22,NPS_UAMB,15,11.294480054285646,10.696438107468735
22,NPZ_AMB,1,0.0,0.0
22,NPZ_AMB,2,2.8050437428957924,2.806175044773168
22,NPZ_AMB,3,16.43175904930343,18.993843761238587
22,NPZ_AMB,4,9.265132606884245,9.465451807233814
22,NPZ_AMB,5,2.208044150574044,2.761158413927177
22,NPZ_AMB,6,6.30546321819867,5.85829869492692
22,NPZ_AMB,7,16.067056767467378,16.775365251254044
22,NPZ_AMB,8,9.775575738783854,7.731838481381961
22,NPZ_AMB,9,12.436765797244005,13.317887952062451
22,NPZ_AMB,10,5.171022313479567,4.902759647080138
22,NPZ_AMB,11,8.055575871643697,6.793351857333527
22,NPZ_AMB,12,12.179133034529105,10.484960833964921
22,NPZ_AMB,13,1.6462323806014767,2.756935379935241
22,NPZ_AMB,14,5.257658917817009,4.219696496613622
22,NPZ_AMB,15,1.8992670151629099,4.093396565403596
22,NPZ_AMB,16,0.7072699265769018,0.6860288085490779
22,NPZ_UAMB,1,0.0,0.0
22,NPZ_UAMB,2,2.8050437428957924,2.806175044773168
22,NPZ_UAMB,3,16.43175904930343,18.993843761238587
22,NPZ_UAMB,4,10.821425800303762,11.460178480688729
22,NPZ_UAMB,5,1.8179854346253836,1.7547467259725253
22,NPZ_UAMB,6,10.061627602657929,9.929972819630638
22,NPZ_UAMB,7,9.145413419826832,9.129492641871161
22,NPZ_UAMB,8,8.675472202205416,6.8688783824252315
22,NPZ_UAMB,9,12.67033199572777,13.314607898945196
22,NPZ_UAMB,10,5.402839448404056,5.759173054449123
22,NPZ_UAMB,11,7.410465508604285,6.704451961310731
22,NPZ_UAMB,12,11.833169982331066,10.589059180809766
22,NPZ_UAMB,13,1.2414817027375593,2.970173057104369
22,NPZ_UAMB,14,5.502245764568061,4.297716426177535
22,NPZ_UAMB,15,1.8772537518004229,3.9940700491895917
22,NPZ_UAMB,16,0.45194949478791135,0.4977503957454513
23,MVRR_AMB,1,0.0,0.0
23,MVRR_AMB,2,7.804978575210292,8.798459747559823
23,MVRR_AMB,3,15.006537445742127,14.821764789099953
23,MVRR_AMB,4,11.15772531933247,11.678032000224363
23,MVRR_AMB,5,3.8425168734574746,4.117249871147664
23,MVRR_AMB,6,6.288857949292565,6.331388570920334
23,MVRR_AMB,7,21.86591963411732,21.802364477386874
23,MVRR_AMB,8,19.313307726591685,19.082449824902387
23,MVRR_AMB,9,12.306913392397758,10.40573530601846
23,MVRR_AMB,10,6.030634254189299,2.1603593808825674
23,MVRR_AMB,11,9.75900280261611,11.711312706958127
23,MVRR_AMB,12,1.3303195775168881,2.840278602499985
23,MVRR_UAMB,1,0.0,0.0
23,MVRR_UAMB,2,7.804978575210292,8.798459747559823
23,MVRR_UAMB,3,15.006537445742127,14.810768906334388
23,MVRR_UAMB,4,6.85786117381096,6.940121851579849
23,MVRR_UAMB,5,4.384226451283942,4.240078160567374
23,MVRR_UAMB,6,9.816081092715063,9.512279243410738
23,MVRR_UAMB,7,0.9176807648863283,1.3566816156869232
23,MVRR_UAMB,8,8.308437835623664,9.17672526917352
23,MVRR_UAMB,9,19.965021535493626,20.725619624448623
23,MVRR_UAMB,10,21.77200197227295,20.873428866858443
23,MVRR_UAMB,11,6.632757209680251,6.715731959415521
23,MVRR_UAMB,12,0.47701335920321,0.6054625576010685
23,MVRR_UAMB,13,10.538345624653944,11.190705400392526
23,MVRR_UAMB,14,1.558091680493083,2.729945884561364
23,NPS_AMB,1,0.0,0.0
23,NPS_AMB,2,7.804978575210292,8.798459747559823
23,NPS_AMB,3,15.006537445742127,14.821764789099953
23,NPS_AMB,4,10.626110435181046,12.805137500918866
23,NPS_AMB,5,3.1696096424897098,3.6359137710106806
23,NPS_AMB,6,4.305215213720456,3.9622026958806185
23,NPS_AMB,7,17.630509770624965,18.35509469248929
23,NPS_AMB,8,19.56191759151172,16.54469661647202
23,NPS_AMB,9,6.031932379238011,6.6197573850668325
23,NPS_AMB,10,0.28658524656789475,0.3584502610227297
23,NPS_AMB,11,10.469968074393305,11.034661413681079
23,NPS_AMB,12,2.2738752719614297,2.982645840884218
23,NPS_UAMB,1,0.0,0.0
23,NPS_UAMB,2,7.804978575210292,8.798459747559823
23,NPS_UAMB,3,15.006537445742127,14.821764789099953
23,NPS_UAMB,4,10.626110435181046,12.805137500918866
23,NPS_UAMB,5,2.003472335216591,1.9790686849897616
23,NPS_UAMB,6,2.3261761097466427,2.3111750950077847
23,NPS_UAMB,7,4.3210224831265585,4.5653967593211435
23,NPS_UAMB,8,17.364035723794508,18.897087697724377
23,NPS_UAMB,9,19.73447672822022,17.6089743610579
23,NPS_UAMB,10,6.035300487472509,6.784604131780042
23,NPS_UAMB,11,0.3115211830991442,0.3758634829247577
23,NPS_UAMB,12,10.426625694653465,10.83589074511988
23,NPS_UAMB,13,2.3395479758295394,3.034528879065907
23,NPZ_AMB,1,0.0,0.0
23,NPZ_AMB,2,3.3114557734418284,2.5581629915475324
23,NPZ_AMB,3,7.449601880634626,8.270996524600228
23,NPZ_AMB,4,14.896347473403722,14.269755514278614
23,NPZ_AMB,5,9.109688495659007,7.878827237560179
23,NPZ_AMB,6,5.39238943857233,5.5599679577118435
23,NPZ_AMB,7,4.336852110277273,6.493532438292583
23,NPZ_AMB,8,21.550254421556478,20.350272304454766
23,NPZ_AMB,9,20.6156264002628,20.754682800635276
23,NPZ_AMB,10,5.614248778011862,6.20057031150684
23,NPZ_AMB,11,0.405376866695709,0.7405156748137453
23,NPZ_AMB,12,10.373478240022632,10.93663955785652
23,NPZ_AMB,13,1.2367329822754294,2.2886467436059634
23,NPZ_UAMB,1,0.0,0.0
23,NPZ_UAMB,2,3.3114557734418284,2.5581629915475324
23,NPZ_UAMB,3,7.449601880634626,8.270248056103673
23,NPZ_UAMB,4,14.896347473403722,14.262686339397549
23,NPZ_UAMB,5,11.97373948606583,10.931896964276326
23,NPZ_UAMB,6,2.8721713232499604,2.593584366336586
23,NPZ_UAMB,7,4.9840262651270395,6.021613420186243
23,NPZ_UAMB,8,15.74553176202634,14.999743443102442
23,NPZ_UAMB,9,21.31618878545461,21.823206065944692
23,NPZ_UAMB,10,5.429704514330034,7.474917726841632
23,NPZ_UAMB,11,0.35601262192506294,0.5307791774552192
23,NPZ_UAMB,12,10.525045174366818,11.029519132420281
23,NPZ_UAMB,13,1.0144109987561611,2.43718575139906
24,MVRR_AMB,1,0.0,0.0
24,MVRR_AMB,2,17.228135033082715,16.978583993105836
24,MVRR_AMB,3,13.149272033572933,13.88505577773084
24,MVRR_AMB,4,14.914437296552077,13.049849551039747
24,MVRR_AMB,5,5.0727620897009125,3.3090511120174644
24,MVRR_AMB,6,9.150355513282026,6.530115211922912
24,MVRR_AMB,7,17.73782556890215,20.932258843252097
24,MVRR_AMB,8,12.621182105833592,12.413852204704252
24,MVRR_AMB,9,3.6833816705794193,3.9544689800366197
24,MVRR_AMB,10,8.81669541199611,7.58447067544124
24,MVRR_AMB,11,2.4290927637974082,2.173670494094047
24,MVRR_AMB,12,6.930252799142737,6.5868997556541915
24,MVRR_AMB,13,4.869748265177625,7.926898452268144
24,MVRR_UAMB,1,0.0,0.0
24,MVRR_UAMB,2,17.228135033082715,16.978583993105836
24,MVRR_UAMB,3,13.149272033572933,13.88505577773084
24,MVRR_UAMB,4,5.6984851924738615,5.362989692337936
24,MVRR_UAMB,5,4.150335893520651,4.342024660484623
24,MVRR_UAMB,6,9.666701777689852,8.271853686132127
24,MVRR_UAMB,7,3.7780330104123694,3.7380883199229737
24,MVRR_UAMB,8,8.835722884556967,10.04300256950009
24,MVRR_UAMB,9,12.821881731806869,15.01008991937835
24,MVRR_UAMB,10,13.850884200865606,12.79586557224555
24,MVRR_UAMB,11,3.542150205621484,3.8049637737109765
24,MVRR_UAMB,12,8.917678809068526,7.859879564949321
24,MVRR_UAMB,13,1.8946480771086873,1.4857061820432433
24,MVRR_UAMB,14,6.219431304861662,6.08474618752617
24,MVRR_UAMB,15,5.270293967227947,8.27036070473999
24,NPS_AMB,1,0.0,0.0
24,NPS_AMB,2,17.228135033082715,16.978583993105836
24,NPS_AMB,3,13.149272033572933,13.88505577773084
24,NPS_AMB,4,10.404841684164577,10.52513322948406
24,NPS_AMB,5,2.411603332083217,3.008152673825007
24,NPS_AMB,6,8.821906486317252,6.900152395588728
24,NPS_AMB,7,14.8414478595259,15.771475000943694
24,NPS_AMB,8,12.667837559359656,11.963128328490244
24,NPS_AMB,9,3.8995304980797023,4.2191984348567235
24,NPS_AMB,10,7.223967522008656,6.889721303848598
24,NPS_AMB,11,3.522713414351573,3.3244115704966255
24,NPS_AMB,12,7.156657640044573,6.834077349057841
24,NPS_AMB,13,6.780209631085195,5.988075427406788
24,NPS_AMB,14,4.575256008747156,3.556242636015834
24,NPS_UAMB,1,0.0,0.0
24,NPS_UAMB,2,17.228135033082715,16.978583993105836
24,NPS_UAMB,3,13.149272033572933,13.88505577773084
24,NPS_UAMB,4,10.40484030830337,10.52513322948406
24,NPS_UAMB,5,1.68766351714228,1.5316442959325571
24,NPS_UAMB,6,1.9382064670580126,2.117411357361154
24,NPS_UAMB,7,7.986848164705902,6.047135645574284
24,NPS_UAMB,8,10.457352115056613,11.20494625181457
24,NPS_UAMB,9,11.629230203215533,11.811358454618041
24,NPS_UAMB,10,4.176045236032832,3.7747433262666656
24,NPS_UAMB,11,6.766976597997207,6.037328506891483
24,NPS_UAMB,12,2.8303451425601254,3.2735215601410186
24,NPS_UAMB,13,6.389330901857221,6.424699477972459
24,NPS_UAMB,14,7.137813157024233,6.1382038988591585
24,NPS_UAMB,15,4.441499941691624,3.7194644046523657
24,NPZ_AMB,1,0.0,0.0
24,NPZ_AMB,2,3.129599254627684,2.5430887121994075
24,NPZ_AMB,3,15.774045109678188,15.673074654300247
24,NPZ_AMB,4,14.085098429977819,20.974436556480292
24,NPZ_AMB,5,7.719417894336648,8.297229382301634
24,NPZ_AMB,6,5.233114241816472,3.7711991077976847
24,NPZ_AMB,7,5.32760563778412,4.128041438524004
24,NPZ_AMB,8,18.739342458630595,19.102264376064916
24,NPZ_AMB,9,12.809309112098195,12.44626061543284
24,NPZ_AMB,10,5.36768069112287,3.588410786981166
24,NPZ_AMB,11,7.712358350484032,7.928503394365996
24,NPZ_AMB,12,3.718098088482586,2.9855857983093923
24,NPZ_AMB,13,8.090510363548159,7.062709709253651
24,NPZ_AMB,14,5.290693001429435,9.049983858498727
24,NPZ_UAMB,1,0.0,0.0
24,NPZ_UAMB,2,3.129599254627684,2.5430887121994075
24,NPZ_UAMB,3,15.774045109678188,15.673074654300247
24,NPZ_UAMB,4,14.085098429977819,20.974436556480292
24,NPZ_UAMB,5,12.16498780546094,12.74469179051602
24,NPZ_UAMB,6,2.241285645263411,3.013359620562529
24,NPZ_UAMB,7,8.586173994363222,7.61609002976767
24,NPZ_UAMB,8,9.934542054698762,11.367997499652772
24,NPZ_UAMB,9,12.319053991687465,13.24234216491385
24,NPZ_UAMB,10,5.062181717019832,3.85138808255428
24,NPZ_UAMB,11,7.689593350954624,7.304824821346504
24,NPZ_UAMB,12,3.649471163378196,3.4556893675532243
24,NPZ_UAMB,13,8.657539227234649,7.424567398044432
24,NPZ_UAMB,14,5.768436555972546,9.726461621281056
