model,term,beta,t,p,dAIC
M step_norm,step_norm,0.10699401061436316,2.5892533880807087,0.00961842896180467,8.907226258772425
M step_norm_robust,step_norm_robust,0.09772798866314628,2.4240582493940988,0.015348143462657055,7.13313752177055
M curvature_1,curvature_1,0.13141798222963857,4.179102264648542,2.926620710675987e-05,22.28733002640365
M curvature_3,curvature_3,0.05630628948752048,2.027634056073906,0.042597610515805635,2.7703379051963566
M tee_k3,tee_k3,0.07157659835740078,1.9337830410471273,0.05313980876634439,3.9913355458556907
M tee_par,tee_par,0.07878029041454027,2.441137050100743,0.014641097272021548,6.80757476783765
M tee_perp,tee_perp,-0.029513344517243256,-0.7205629571041802,0.4711784517054851,-1.394184046323062
J1 step + curv3,step_norm,0.0954998767343116,2.159610517383323,0.03080283354875457,8.95887217480049
J1 step + curv3,curvature_3,0.038033360496701564,1.262810692790795,0.2066572210133666,8.95887217480049
J1r step_robust + curv3,step_norm_robust,0.08604602517004263,2.0033662952115154,0.04513798641902236,7.478386051894631
J1r step_robust + curv3,curvature_3,0.04055584293306442,1.3546750838758317,0.175521099651319,7.478386051894631
J2 step + curv1,step_norm,0.024495584756686128,0.5261128678692086,0.5988097885579919,20.676282209533383
J2 step + curv1,curvature_1,0.12000486512983856,3.3867908546579906,0.0007071527419425247,20.676282209533383
J3 tee + curv3,tee_k3,0.06365112141586954,1.6701688852320422,0.09488595421547902,5.409568192000734
J3 tee + curv3,curvature_3,0.04816635953194149,1.665108019260059,0.09589120711752544,5.409568192000734
J4 tee_par + tee_perp,tee_par,0.07926448252484723,2.4596472407864325,0.013907363713939792,5.518105697556166
J4 tee_par + tee_perp,tee_perp,-0.03196285630171553,-0.7840978082145814,0.43298272140874683,5.518105697556166
