null_t,null_daic
1.66082561660658,-0.6415859602857381
3.901486364309111,4.851896261796355
0.3821239030801958,-1.911336828256026
2.2502242348513475,0.029173064744099975
2.002472925488351,-0.1257964433170855
-2.686346384756133,1.3107961502391845
-3.7065642745503538,6.142822864232585
-0.942521907170985,-1.4993328801356256
-0.3022180336211059,-1.9503465758170933
-0.08860747348790289,-1.995120836654678
3.9644724156132503,4.896319542545825
1.7684344473099622,-0.37705419631674886
2.2522829680470826,0.8023284997325391
1.940475087264651,0.049661936005577445
6.014945858713262,17.303642315790057
0.22667282305560932,-1.9680040241219103
-3.1571219632624623,2.4161604456603527
9.44962820147833,38.027130434755236
-0.6555021560168792,-1.7694407049566507
-1.2406468726803264,-1.346889742417261
2.441116471231316,1.3498046000022441
-4.09292016680833,8.130087743513286
6.0432348863591345,19.345586183248088
-0.39816806272320887,-1.9227349539287388
-0.43356526436803816,-1.9030808110255748
-6.1926590079040045,20.338945964584127
3.4203687574292636,2.861344736535102
-0.42763732085759626,-1.9187369872815907
1.518063889544841,-0.8312635703478009
-1.8992190241094342,-0.13551367353647947
5.081077077973218,9.940530821681023
0.08690149143590166,-1.9960538567975163
3.29726820513864,4.430730470921844
-6.641327017692847,21.160331392660737
0.09486075113275273,-1.9946638238616288
-2.6602704229212417,1.4136045956984162
-3.13961603676674,3.092592475237325
0.23542006901541201,-1.9687481112778187
1.2706226816679254,-1.2178725972771645
3.1729855727720064,3.1598509489558637
-2.756664516576059,2.792984774103388
3.108612782074663,3.110230535035953
-4.089075713218353,6.4125477727502584
6.243650112464862,16.132059420458972
0.13575971736673567,-1.9919395151082426
0.147033396723995,-1.9878930074628443
-0.049147016160748014,-1.9990111452061683
-3.3139129243430583,4.107062590541318
0.24313363017302275,-1.9748535081744194
0.21456996102064307,-1.9787352159619331
0.5514358356732545,-1.8463293150998652
-4.572380257953833,7.840385412797332
3.0760888819840937,2.7245660251937807
1.7074080959918472,-0.3136083302088082
3.434927705681896,4.36192363477312
0.8916209916759971,-1.5860806400887668
-3.7862477094621396,3.507512244163081
1.504932450372984,-0.5134565022308379
-1.4473394106260853,-0.614982333034277
-0.9714890603817973,-1.519331596326083
1.3880392304071225,-1.1885928034316748
0.9379396638729937,-1.541138493688777
2.643931230755583,0.7893753331154585
2.6528462482503397,0.876854142639786
-0.32248280023885584,-1.9490899115335196
-4.1093258460847455,5.042780372314155
-6.0896356131558065,14.741817565402016
-1.636711281737901,-0.5930932192131877
-2.97344240453122,1.8328827798832208
1.6512527625895044,-0.7846994365099818
-2.2119739393088915,0.8083263977896422
0.4940589465338755,-1.8737270911224186
3.8033160245954227,7.309459868585691
-2.6422049170074455,2.1395657332614064
-3.0825321011870805,2.2535198624245822
-1.5123784045666024,-0.8352065123617649
2.6197743133007783,1.1218176267575473
-0.8302729005057053,-1.6644655214622617
0.7698891899093395,-1.7457367312163115
-2.2951814311763945,0.5274406385142356
-3.236550034295707,3.414620333118364
3.1126784578313345,3.9605621432419866
-4.252291352674852,7.027756090043113
3.6646483059972073,5.652746611041948
0.40118190167700385,-1.9262637936044484
-2.371425944726954,0.8048871716018766
2.0134219037016114,0.12413464765995741
1.0955684730767616,-1.5053022117353976
-1.0132135864458613,-1.5429913960397243
1.0917742094424217,-1.3186197860632092
-1.540840211398748,-0.7183617644477636
-2.078444747123041,0.2672508372925222
-2.965187286394357,2.1924745950382203
-4.0003089671552745,7.390510754426941
-0.8076499892267739,-1.6386084756813943
-2.856676816312824,2.5344639939721674
-1.053997796770511,-1.461697151651606
1.1289873787979556,-1.4388171520549804
1.2504712455617017,-1.1381974362302572
2.1298580554687567,0.13231208943761885
