block,model,term,beta,t,p,dAIC
A. at word w,M step_norm,step_norm,0.0015341273240421565,1.508527498211802,0.13141957431344867,7.422770652920008
A. at word w,M curvature_1,curvature_1,0.001330705801943985,1.6548988748516018,0.097945012545556,7.665896796388552
A. at word w,M curvature_3,curvature_3,0.010261175087360654,11.220244074026057,3.243739512884023e-29,588.1658156248741
A. at word w,M tee_k3,tee_k3,0.004971504206180859,5.104300070887397,3.320210801844886e-07,107.05105754942633
A. at word w,M tee3_par,tee3_par,0.004853227825969923,5.562111012152776,2.665306468229549e-08,119.45729817938991
A. at word w,M tee3_perp,tee3_perp,0.00041799624665246225,0.4237349289815203,0.6717591386574417,-1.2497698494698852
A. at word w,J1 step + curv3,step_norm,7.926471483244617e-05,0.07750906070060647,0.9382185835628081,586.1906260952819
A. at word w,J1 step + curv3,curvature_3,0.010253138416862814,11.081470106454647,1.5431767791403947e-28,586.1906260952819
A. at word w,J2 step + curv1,step_norm,0.001093894578916251,0.9723657017327415,0.330868648581396,9.72464372520335
A. at word w,J2 step + curv1,curvature_1,0.0009644888767411288,1.0803796686811937,0.279973145719128,9.72464372520335
A. at word w,J3 tee + curv3,tee_k3,0.003839519997894352,3.9505028651366954,7.798716425056569e-05,650.5874967207201
A. at word w,J3 tee + curv3,curvature_3,0.00991604588577041,10.787809403167307,3.930466008897149e-27,650.5874967207201
A. at word w,J4 par + perp,tee3_par,0.00494136154289573,5.599500602449774,2.1497018653464068e-08,121.38955118041486
A. at word w,J4 par + perp,tee3_perp,0.0009617536110947114,0.9659727314319234,0.33405782610824064,121.38955118041486
B. at word w-1 (spillover),M step_norm,step_norm_prev,0.009866928482116085,9.861191519212678,6.131736889271842e-23,444.39386068913154
B. at word w-1 (spillover),M curvature_1,curvature_1_prev,0.0067634942278869455,8.101713028797112,5.419065137141599e-16,249.67789978859946
B. at word w-1 (spillover),M curvature_3,curvature_3_prev,0.01011559183650171,12.06128555726859,1.691222340282828e-33,572.8666939516552
B. at word w-1 (spillover),M tee_k3,tee_k3_prev,0.01157747152321617,11.47417604261523,1.7786384375456283e-30,659.06561468984
B. at word w-1 (spillover),M tee3_par,tee3_par_prev,0.010704280914161594,11.178805106405868,5.178248464805388e-29,615.3777612098493
B. at word w-1 (spillover),M tee3_perp,tee3_perp_prev,0.0031475554544191544,3.5600362352221495,0.00037080362501077334,42.18243825947866
B. at word w-1 (spillover),J1 step + curv3,step_norm_prev,0.008505589670964092,8.6020658229561,7.829386619852297e-18,896.6924682827666
B. at word w-1 (spillover),J1 step + curv3,curvature_3_prev,0.009074058709066244,10.948520877654431,6.754149389943177e-28,896.6924682827666
B. at word w-1 (spillover),J2 step + curv1,step_norm_prev,0.008205100021651942,7.923405177973474,2.3109300114181694e-15,503.195445721969
B. at word w-1 (spillover),J2 step + curv1,curvature_1_prev,0.003653462513059024,4.285730475044354,1.8213970563726224e-05,503.195445721969
B. at word w-1 (spillover),J3 tee + curv3,tee_k3_prev,0.010497172332880004,10.524646582179596,6.651056970504019e-26,1107.8011898654513
B. at word w-1 (spillover),J3 tee + curv3,curvature_3_prev,0.009010851849409082,10.844898570035967,2.10869632980539e-27,1107.8011898654513
B. at word w-1 (spillover),J4 par + perp,tee3_par_prev,0.010801929804245623,11.247535835523376,2.3815268937315704e-29,668.3263070497196
B. at word w-1 (spillover),J4 par + perp,tee3_perp_prev,0.003510454082337957,4.021277559623413,5.788335202135505e-05,668.3263070497196
