term,ms_per_sd,pct_per_sd,p10_p90_ms,dR2_trial,dR2_word,f2_word
curvature_3 (w),1.385903509057687,0.32445580538169594,3.2991572824013042,4.343916177307339e-05,0.0007532245745764943,0.0010419918246825407
curvature_3 (w-1),3.1069743896861937,0.8120081871904716,7.39766149451965,0.00032731389446272185,0.006243599166459113,0.008637237163568436
TEE (w),-0.15174463368636415,0.09840343323423983,-0.3937301181607053,4.270906502457095e-06,7.195419038774631e-05,9.9539606999464e-05
TEE (w-1),6.383589082011285,1.6189858399610513,16.55276077266646,0.00032540457348317897,0.006394727435706682,0.008846304188662418
step size (w-1),-2.924923645462108,-0.7332458652204998,-7.630503148457067,5.4677938834402084e-05,0.0010209179796917267,0.0014123121103799853
surprisal (w),5.368261724044306,0.9189317276683928,12.942557245950116,0.0003447332346091514,0.006771872935887435,0.00936803773423229
surprisal (w-1),12.426633431047673,2.6781410000685124,29.949002383373646,0.0033231680061229785,0.06443061796467109,0.08913168720786771
entropy (w),1.4848288672271654,0.49997897935361024,3.9089304880870155,0.00011677455329017761,0.001993094473821788,0.0027571964824832512
entropy (w-1),-0.1681886631383705,0.16267998812140583,-0.4425117113504928,1.3274271229435364e-05,0.0001841784832401494,0.00025478785517130814
