item,Type,WordPosition,tee_v,surp_v,sent_len_v
1,MVRR_AMB,1,,0.0,12
1,MVRR_AMB,2,,14.173537254333496,12
1,MVRR_AMB,3,,12.483732223510742,12
1,MVRR_AMB,4,,2.5709025859832764,12
1,MVRR_AMB,5,88.85641064766546,10.285825729370117,12
1,MVRR_AMB,6,105.9911488098694,22.45379066467285,12
1,MVRR_AMB,7,108.72773483196627,11.849361419677734,12
1,MVRR_AMB,8,107.19747574381827,0.8801974654197693,12
1,MVRR_AMB,9,109.48212529242045,12.246143341064453,12
1,MVRR_AMB,10,83.5924324069792,1.2862368822097778,12
1,MVRR_AMB,11,83.19115519511054,9.892730712890625,12
1,MVRR_AMB,12,92.04622931324704,5.822561860084534,12
1,MVRR_UAMB,1,,0.0,14
1,MVRR_UAMB,2,,14.173553466796875,14
1,MVRR_UAMB,3,,7.003744602203369,14
1,MVRR_UAMB,4,,2.1267359256744385,14
1,MVRR_UAMB,5,85.24031251071209,10.15203857421875,14
1,MVRR_UAMB,6,83.60759165996858,7.2873921394348145,14
1,MVRR_UAMB,7,82.45576435413821,10.538127899169922,14
1,MVRR_UAMB,8,107.82628792480716,15.68733024597168,14
1,MVRR_UAMB,9,111.82598935736853,10.51375961303711,14
1,MVRR_UAMB,10,107.35781649044381,1.8171381950378418,14
1,MVRR_UAMB,11,111.09564088135089,11.285719871520996,14
1,MVRR_UAMB,12,83.6303845477983,1.290454626083374,14
1,MVRR_UAMB,13,83.76796338863396,9.595724105834961,14
1,MVRR_UAMB,14,92.5845212990762,6.243311047554016,14
1,NPS_AMB,1,,0.0,12
1,NPS_AMB,2,,14.173537254333496,12
1,NPS_AMB,3,,11.920894622802734,12
1,NPS_AMB,4,,4.601181983947754,12
1,NPS_AMB,5,93.50915997478984,12.149014472961426,12
1,NPS_AMB,6,107.43307297710261,22.74797821044922,12
1,NPS_AMB,7,110.88574420644672,8.313689231872559,12
1,NPS_AMB,8,105.62842108521983,0.5981128215789795,12
1,NPS_AMB,9,102.57050910579903,10.455792427062988,12
1,NPS_AMB,10,72.62379758388285,1.9839643239974976,12
1,NPS_AMB,11,100.4690436158614,8.341903686523438,12
1,NPS_AMB,12,97.81516390182533,3.3058265447616577,12
1,NPS_UAMB,1,,0.0,13
1,NPS_UAMB,2,,14.173553466796875,13
1,NPS_UAMB,3,,11.92087459564209,13
1,NPS_UAMB,4,,7.421473979949951,13
1,NPS_UAMB,5,73.26993927034121,3.094822406768799,13
1,NPS_UAMB,6,85.2914926356022,12.30284595489502,13
1,NPS_UAMB,7,106.17387681383305,17.065723419189453,13
1,NPS_UAMB,8,111.8676002307913,7.359795093536377,13
1,NPS_UAMB,9,106.08877974696848,0.5901275873184204,13
1,NPS_UAMB,10,102.36812211282114,10.515617370605469,13
1,NPS_UAMB,11,72.30580844571368,1.9453045129776,13
1,NPS_UAMB,12,100.88175220278285,8.699447631835938,13
1,NPS_UAMB,13,98.20785658573652,3.1817760467529297,13
1,NPZ_AMB,1,,0.0,13
1,NPZ_AMB,2,,3.6404292583465576,13
1,NPZ_AMB,3,,12.351561546325684,13
1,NPZ_AMB,4,,11.633003234863281,13
1,NPZ_AMB,5,82.69163666873554,3.02276873588562,13
1,NPZ_AMB,6,97.87589907852184,10.579914093017578,13
1,NPZ_AMB,7,107.54861698717632,24.493675231933594,13
1,NPZ_AMB,8,112.40228726247099,8.488797187805176,13
1,NPZ_AMB,9,106.60633458896572,0.5650959014892578,13
1,NPZ_AMB,10,103.64482878191312,11.568846702575684,13
1,NPZ_AMB,11,71.7539068555171,1.3164360523223877,13
1,NPZ_AMB,12,103.28247889761919,12.541574478149414,13
1,NPZ_AMB,13,103.13216737232341,15.475970983505249,13
1,NPZ_UAMB,1,,0.0,13
1,NPZ_UAMB,2,,3.6404292583465576,13
1,NPZ_UAMB,3,,12.351561546325684,13
1,NPZ_UAMB,4,,19.22301435470581,13
1,NPZ_UAMB,5,67.74517219735006,2.427839517593384,13
1,NPZ_UAMB,6,90.35925477314355,11.869348526000977,13
1,NPZ_UAMB,7,104.72612849496612,18.665267944335938,13
1,NPZ_UAMB,8,111.51502755908074,7.235965728759766,13
1,NPZ_UAMB,9,104.57721001310401,1.001181960105896,13
1,NPZ_UAMB,10,100.2178936029573,12.279227256774902,13
1,NPZ_UAMB,11,71.10975270279357,1.2153242826461792,13
1,NPZ_UAMB,12,101.86237502623062,11.073744773864746,13
1,NPZ_UAMB,13,102.53814750174394,15.083751261234283,13
2,MVRR_AMB,1,,0.0,12
2,MVRR_AMB,2,,15.918299674987793,12
2,MVRR_AMB,3,,8.81047534942627,12
2,MVRR_AMB,4,,12.791646957397461,12
2,MVRR_AMB,5,85.72072032022731,2.914924383163452,12
2,MVRR_AMB,6,93.38158132443759,6.27560567855835,12
2,MVRR_AMB,7,101.40608990124878,18.434019088745117,12
2,MVRR_AMB,8,89.10718833395,16.315349578857422,12
2,MVRR_AMB,9,97.13340033149917,2.474501848220825,12
2,MVRR_AMB,10,87.32380794747769,2.331153392791748,12
2,MVRR_AMB,11,94.88045172613253,15.5675630569458,12
2,MVRR_AMB,12,95.9374925834433,11.327866077423096,12
2,MVRR_UAMB,1,,0.0,14
2,MVRR_UAMB,2,,15.918299674987793,14
2,MVRR_UAMB,3,,8.810439109802246,14
2,MVRR_UAMB,4,,3.8776659965515137,14
2,MVRR_UAMB,5,76.2739870281777,4.165954113006592,14
2,MVRR_UAMB,6,89.7847204284068,10.03210163116455,14
2,MVRR_UAMB,7,90.99819520899673,1.8571110963821411,14
2,MVRR_UAMB,8,83.83501964099806,7.6041259765625,14
2,MVRR_UAMB,9,100.37002839878035,10.989286422729492,14
2,MVRR_UAMB,10,89.13899669183371,15.425808906555176,14
2,MVRR_UAMB,11,97.1261393293669,3.388235092163086,14
2,MVRR_UAMB,12,88.03517149842946,2.358102798461914,14
2,MVRR_UAMB,13,95.04505183787104,15.861771583557129,14
2,MVRR_UAMB,14,95.48653147743238,11.116316080093384,14
2,NPS_AMB,1,,0.0,12
2,NPS_AMB,2,,15.918299674987793,12
2,NPS_AMB,3,,8.81047534942627,12
2,NPS_AMB,4,,12.904423713684082,12
2,NPS_AMB,5,81.99670205798594,3.8687844276428223,12
2,NPS_AMB,6,92.232814445286,9.356993675231934,12
2,NPS_AMB,7,95.51001223956459,11.935114860534668,12
2,NPS_AMB,8,92.03183550657617,16.86346435546875,12
2,NPS_AMB,9,96.09833944072507,0.9180929064750671,12
2,NPS_AMB,10,86.58555523675321,2.2646610736846924,12
2,NPS_AMB,11,95.32845408992537,15.109565734863281,12
2,NPS_AMB,12,95.99803197487557,11.127580165863037,12
2,NPS_UAMB,1,,0.0,13
2,NPS_UAMB,2,,15.918299674987793,13
2,NPS_UAMB,3,,8.810439109802246,13
2,NPS_UAMB,4,,12.90440559387207,13
2,NPS_UAMB,5,80.69057537520331,3.1704747676849365,13
2,NPS_UAMB,6,71.97999554046076,2.928152561187744,13
2,NPS_UAMB,7,86.65241823097877,9.339645385742188,13
2,NPS_UAMB,8,93.3792174905799,10.580639839172363,13
2,NPS_UAMB,9,92.05343491177415,17.1876163482666,13
2,NPS_UAMB,10,94.39778235668769,0.8366402983665466,13
2,NPS_UAMB,11,86.09213795260187,1.8259925842285156,13
2,NPS_UAMB,12,94.88373436810305,14.711297035217285,13
2,NPS_UAMB,13,95.04926090027192,10.364784002304077,13
2,NPZ_AMB,1,,0.0,13
2,NPZ_AMB,2,,3.3445513248443604,13
2,NPZ_AMB,3,,15.327759742736816,13
2,NPZ_AMB,4,,8.619420051574707,13
2,NPZ_AMB,5,91.10006497292446,10.519754409790039,13
2,NPZ_AMB,6,78.34118278346159,2.1558027267456055,13
2,NPZ_AMB,7,90.9298603147059,3.231621742248535,13
2,NPZ_AMB,8,100.5624373083923,16.279401779174805,13
2,NPZ_AMB,9,89.90908378271774,15.35324764251709,13
2,NPZ_AMB,10,98.93944550001973,2.715006113052368,13
2,NPZ_AMB,11,88.27708205771006,1.901614785194397,13
2,NPZ_AMB,12,95.97868622715316,14.732746124267578,13
2,NPZ_AMB,13,95.1232342522985,11.579284191131592,13
2,NPZ_UAMB,1,,0.0,13
2,NPZ_UAMB,2,,3.3445513248443604,13
2,NPZ_UAMB,3,,15.327759742736816,13
2,NPZ_UAMB,4,,8.619420051574707,13
2,NPZ_UAMB,5,89.95302404802871,16.165456295013428,13
2,NPZ_UAMB,6,64.56242302403369,2.386094331741333,13
2,NPZ_UAMB,7,90.67957904069593,8.24939250946045,13
2,NPZ_UAMB,8,92.82719288121338,7.882009029388428,13
2,NPZ_UAMB,9,92.97423008537552,16.01555633544922,13
2,NPZ_UAMB,10,96.67577780681685,1.2960619926452637,13
2,NPZ_UAMB,11,86.83306571876491,1.6941416263580322,13
2,NPZ_UAMB,12,96.10492783824208,14.469182014465332,13
2,NPZ_UAMB,13,96.0567197500849,10.589690208435059,13
3,MVRR_AMB,1,,0.0,14
3,MVRR_AMB,2,,11.478897094726562,14
3,MVRR_AMB,3,,10.688173294067383,14
3,MVRR_AMB,4,,2.429334878921509,14
3,MVRR_AMB,5,87.88211442909437,12.263589859008789,14
3,MVRR_AMB,6,94.70960421847836,20.572248458862305,14
3,MVRR_AMB,7,74.80047925993293,12.978915214538574,14
3,MVRR_AMB,8,102.33616557779473,5.80144739151001,14
3,MVRR_AMB,9,86.77723506367835,12.00275993347168,14
3,MVRR_AMB,10,86.02126790290994,1.6474241018295288,14
3,MVRR_AMB,11,82.11206173669463,12.584115982055664,14
3,MVRR_AMB,12,95.1137759020086,0.5498719215393066,14
3,MVRR_AMB,13,91.73136118957979,5.537099838256836,14
3,MVRR_AMB,14,73.25975429140003,10.69090723991394,14
3,MVRR_UAMB,1,,0.0,16
3,MVRR_UAMB,2,,11.478897094726562,16
3,MVRR_UAMB,3,,3.9793741703033447,16
3,MVRR_UAMB,4,,3.1895899772644043,16
3,MVRR_UAMB,5,87.74087913377495,9.089719772338867,16
3,MVRR_UAMB,6,89.12420068522,9.48643684387207,16
3,MVRR_UAMB,7,86.00588933557115,11.75271224975586,16
3,MVRR_UAMB,8,99.30946757476185,12.373635292053223,16
3,MVRR_UAMB,9,76.2139201423361,10.928732872009277,16
3,MVRR_UAMB,10,104.07177342652714,4.9011616706848145,16
3,MVRR_UAMB,11,87.31473388036419,11.657065391540527,16
3,MVRR_UAMB,12,86.07973541116198,1.8296419382095337,16
3,MVRR_UAMB,13,82.35942502301344,12.686708450317383,16
3,MVRR_UAMB,14,94.5127400281136,0.5564568042755127,16
3,MVRR_UAMB,15,90.97133988568977,5.299260139465332,16
3,MVRR_UAMB,16,73.05014343033675,11.671353876590729,16
3,NPS_AMB,1,,0.0,11
3,NPS_AMB,2,,11.478897094726562,11
3,NPS_AMB,3,,14.440671920776367,11
3,NPS_AMB,4,,4.054483413696289,11
3,NPS_AMB,5,92.52486816026727,16.578460693359375,11
3,NPS_AMB,6,97.13518071856949,13.499913215637207,11
3,NPS_AMB,7,77.27211107173473,12.375493049621582,11
3,NPS_AMB,8,103.02652330462429,3.595111608505249,11
3,NPS_AMB,9,71.18688831313715,0.8216705918312073,11
3,NPS_AMB,10,92.73782827335492,7.148852348327637,11
3,NPS_AMB,11,104.19655453730462,5.715162038803101,11
3,NPS_UAMB,1,,0.0,12
3,NPS_UAMB,2,,11.478897094726562,12
3,NPS_UAMB,3,,14.440671920776367,12
3,NPS_UAMB,4,,1.0314191579818726,12
3,NPS_UAMB,5,70.93457566277331,2.7336058616638184,12
3,NPS_UAMB,6,87.23511593613313,14.952070236206055,12
3,NPS_UAMB,7,94.21627990423087,11.826024055480957,12
3,NPS_UAMB,8,75.73474961438696,11.163263320922852,12
3,NPS_UAMB,9,101.47324236396655,3.0836634635925293,12
3,NPS_UAMB,10,71.90918516336396,0.9734761714935303,12
3,NPS_UAMB,11,92.33257478092767,7.407247543334961,12
3,NPS_UAMB,12,103.54803137793176,6.1729888916015625,12
3,NPZ_AMB,1,,0.0,12
3,NPZ_AMB,2,,3.3445451259613037,12
3,NPZ_AMB,3,,11.11516284942627,12
3,NPZ_AMB,4,,8.446237564086914,12
3,NPZ_AMB,5,83.96318857126789,6.647484302520752,12
3,NPZ_AMB,6,88.47751196673826,13.710941314697266,12
3,NPZ_AMB,7,96.5893090416761,19.675981521606445,12
3,NPZ_AMB,8,73.91658505086644,12.201574325561523,12
3,NPZ_AMB,9,102.77671191051859,3.707209825515747,12
3,NPZ_AMB,10,58.91229965439097,1.3713068962097168,12
3,NPZ_AMB,11,97.15494681796072,9.275542259216309,12
3,NPZ_AMB,12,97.16248785383289,8.287900447845459,12
3,NPZ_UAMB,1,,0.0,12
3,NPZ_UAMB,2,,3.3445513248443604,12
3,NPZ_UAMB,3,,11.11515998840332,12
3,NPZ_UAMB,4,,12.742711067199707,12
3,NPZ_UAMB,5,64.75637929626595,2.5563058853149414,12
3,NPZ_UAMB,6,88.46509828868733,15.672080039978027,12
3,NPZ_UAMB,7,93.27584525438049,8.657477378845215,12
3,NPZ_UAMB,8,76.25081600188969,11.755999565124512,12
3,NPZ_UAMB,9,101.71292428957152,3.804018259048462,12
3,NPZ_UAMB,10,57.94590744213322,1.6919832229614258,12
3,NPZ_UAMB,11,96.79614728882832,9.238993644714355,12
3,NPZ_UAMB,12,96.33126689920792,7.978761792182922,12
4,MVRR_AMB,1,,0.0,14
4,MVRR_AMB,2,,12.78433609008789,14
4,MVRR_AMB,3,,15.503024101257324,14
4,MVRR_AMB,4,,2.2167375087738037,14
4,MVRR_AMB,5,100.42078290923696,7.626072406768799,14
4,MVRR_AMB,6,102.02010373539632,16.901254653930664,14
4,MVRR_AMB,7,89.23036539604944,15.108744621276855,14
4,MVRR_AMB,8,103.16382507746495,4.933340549468994,14
4,MVRR_AMB,9,94.89577989465852,6.228147983551025,14
4,MVRR_AMB,10,78.96289117530347,4.6254119873046875,14
4,MVRR_AMB,11,75.50473576801161,2.8037221431732178,14
4,MVRR_AMB,12,87.70596320891768,9.226214408874512,14
4,MVRR_AMB,13,100.43859886007259,4.698307514190674,14
4,MVRR_AMB,14,112.65476657139078,1.5524243991822004,14
4,MVRR_UAMB,1,,0.0,16
4,MVRR_UAMB,2,,12.78433609008789,16
4,MVRR_UAMB,3,,5.329400062561035,16
4,MVRR_UAMB,4,,2.5354716777801514,16
4,MVRR_UAMB,5,92.19662569108611,12.478052139282227,16
4,MVRR_UAMB,6,92.14471767169678,4.193400859832764,16
4,MVRR_UAMB,7,88.63496142767814,7.28717041015625,16
4,MVRR_UAMB,8,101.81081633914228,12.381117820739746,16
4,MVRR_UAMB,9,91.43636859276923,15.66445255279541,16
4,MVRR_UAMB,10,103.2487881912312,4.892477035522461,16
4,MVRR_UAMB,11,97.16853362662147,6.172617435455322,16
4,MVRR_UAMB,12,79.26176707198059,4.074265480041504,16
4,MVRR_UAMB,13,75.58588914464801,3.146773338317871,16
4,MVRR_UAMB,14,87.70901513188343,9.083704948425293,16
4,MVRR_UAMB,15,99.91378320419581,5.203922271728516,16
4,MVRR_UAMB,16,113.11753232836007,1.7081398330628872,16
4,NPS_AMB,1,,0.0,12
4,NPS_AMB,2,,12.784330368041992,12
4,NPS_AMB,3,,9.151544570922852,12
4,NPS_AMB,4,,2.6222615242004395,12
4,NPS_AMB,5,103.0337883732792,11.728418350219727,12
4,NPS_AMB,6,106.66718581502079,17.215415954589844,12
4,NPS_AMB,7,91.80385907098783,14.022397994995117,12
4,NPS_AMB,8,103.88548640974817,7.027669429779053,12
4,NPS_AMB,9,92.55816969921314,4.195520877838135,12
4,NPS_AMB,10,64.76261762970624,1.181665062904358,12
4,NPS_AMB,11,82.48896083701429,8.923233032226562,12
4,NPS_AMB,12,83.98036073275168,9.318838715553284,12
4,NPS_UAMB,1,,0.0,13
4,NPS_UAMB,2,,12.78433609008789,13
4,NPS_UAMB,3,,9.151532173156738,13
4,NPS_UAMB,4,,4.818600177764893,13
4,NPS_UAMB,5,73.21356201117106,2.9367640018463135,13
4,NPS_UAMB,6,89.53902629968715,11.381550788879395,13
4,NPS_UAMB,7,102.43935907511839,11.875713348388672,13
4,NPS_UAMB,8,93.04876007170012,13.524404525756836,13
4,NPS_UAMB,9,104.99551133689322,7.021185398101807,13
4,NPS_UAMB,10,90.52398454105823,3.9041051864624023,13
4,NPS_UAMB,11,65.35034126070565,1.2398555278778076,13
4,NPS_UAMB,12,82.4126924534097,8.225414276123047,13
4,NPS_UAMB,13,84.0172860659483,10.126534342765808,13
4,NPZ_AMB,1,,0.0,13
4,NPZ_AMB,2,,3.3340907096862793,13
4,NPZ_AMB,3,,11.938185691833496,13
4,NPZ_AMB,4,,10.80675983428955,13
4,NPZ_AMB,5,86.39102792840607,2.4753243923187256,13
4,NPZ_AMB,6,100.87609328324393,11.761340141296387,13
4,NPZ_AMB,7,104.72560999664162,18.281099319458008,13
4,NPZ_AMB,8,89.4366871395433,15.646305084228516,13
4,NPZ_AMB,9,105.66397410777027,8.590330123901367,13
4,NPZ_AMB,10,96.48644018359532,5.58536434173584,13
4,NPZ_AMB,11,84.51078047831682,7.075643539428711,13
4,NPZ_AMB,12,104.09907739854289,5.096623420715332,13
4,NPZ_AMB,13,104.7431964409019,3.7159756422042847,13
4,NPZ_UAMB,1,,0.0,13
4,NPZ_UAMB,2,,3.3340907096862793,13
4,NPZ_UAMB,3,,11.938185691833496,13
4,NPZ_UAMB,4,,13.988033056259155,13
4,NPZ_UAMB,5,64.20147833910838,2.131981372833252,13
4,NPZ_UAMB,6,101.2949556783766,12.934809684753418,13
4,NPZ_UAMB,7,103.19652023050159,8.634232521057129,13
4,NPZ_UAMB,8,93.02061115954537,15.423357009887695,13
4,NPZ_UAMB,9,104.56372840439947,8.199986457824707,13
4,NPZ_UAMB,10,94.60855931109118,5.763946533203125,13
4,NPZ_UAMB,11,82.80308026494959,6.6803812980651855,13
4,NPZ_UAMB,12,103.38978166496017,4.983480930328369,13
4,NPZ_UAMB,13,103.27274308185311,3.2241965532302856,13
5,MVRR_AMB,1,,0.0,14
5,MVRR_AMB,2,,8.364288330078125,14
5,MVRR_AMB,3,,13.007646560668945,14
5,MVRR_AMB,4,,11.630586624145508,14
5,MVRR_AMB,5,80.50555437589512,3.992377996444702,14
5,MVRR_AMB,6,94.51482926701621,12.320890426635742,14
5,MVRR_AMB,7,95.73919405215689,14.959394454956055,14
5,MVRR_AMB,8,87.0520145222519,12.184160232543945,14
5,MVRR_AMB,9,86.15390097883335,6.162361145019531,14
5,MVRR_AMB,10,73.50184515206867,1.8068519830703735,14
5,MVRR_AMB,11,78.07054165397034,5.526862621307373,14
5,MVRR_AMB,12,70.33816441549004,3.812560558319092,14
5,MVRR_AMB,13,71.55107251632869,6.881424903869629,14
5,MVRR_AMB,14,82.11005950627533,8.8370521068573,14
5,MVRR_UAMB,1,,0.0,16
5,MVRR_UAMB,2,,8.364288330078125,16
5,MVRR_UAMB,3,,13.007650375366211,16
5,MVRR_UAMB,4,,5.868967056274414,16
5,MVRR_UAMB,5,76.29084816553838,3.7177789211273193,16
5,MVRR_UAMB,6,87.22585857530758,9.11264419555664,16
5,MVRR_UAMB,7,83.39613008081673,0.9677189588546753,16
5,MVRR_UAMB,8,87.96928086892181,10.85621452331543,16
5,MVRR_UAMB,9,102.32570381888277,9.150651931762695,16
5,MVRR_UAMB,10,92.4706599395355,12.436140060424805,16
5,MVRR_UAMB,11,86.74077660078713,10.342761039733887,16
5,MVRR_UAMB,12,75.35979594826084,0.05476344749331474,16
5,MVRR_UAMB,13,79.62123996902321,6.788989067077637,16
5,MVRR_UAMB,14,71.34460097087003,3.7360877990722656,16
5,MVRR_UAMB,15,72.594774401801,4.53593635559082,16
5,MVRR_UAMB,16,83.12034355376841,8.815709829330444,16
5,NPS_AMB,1,,0.0,11
5,NPS_AMB,2,,8.364266395568848,11
5,NPS_AMB,3,,13.007634162902832,11
5,NPS_AMB,4,,14.324612617492676,11
5,NPS_AMB,5,80.45407265293267,3.6757845878601074,11
5,NPS_AMB,6,94.29325164194407,11.546874046325684,11
5,NPS_AMB,7,90.78691177134017,10.903714179992676,11
5,NPS_AMB,8,84.734785202004,13.33447265625,11
5,NPS_AMB,9,82.66749777494823,5.468691825866699,11
5,NPS_AMB,10,71.82059108085825,1.9363514184951782,11
5,NPS_AMB,11,73.66220488321292,7.062087774276733,11
5,NPS_UAMB,1,,0.0,12
5,NPS_UAMB,2,,8.364266395568848,12
5,NPS_UAMB,3,,13.007634162902832,12
5,NPS_UAMB,4,,14.324612617492676,12
5,NPS_UAMB,5,75.74105069938376,1.978764295578003,12
5,NPS_UAMB,6,69.23192580529681,2.707106113433838,12
5,NPS_UAMB,7,85.48905414814,10.431708335876465,12
5,NPS_UAMB,8,88.70266249380977,9.663832664489746,12
5,NPS_UAMB,9,85.70286284939802,14.022101402282715,12
5,NPS_UAMB,10,81.79775865336603,5.853023052215576,12
5,NPS_UAMB,11,70.67037361015446,1.5128268003463745,12
5,NPS_UAMB,12,73.60779076034882,7.320041060447693,12
5,NPZ_AMB,1,,0.0,12
5,NPZ_AMB,2,,3.3445451259613037,12
5,NPZ_AMB,3,,8.876152992248535,12
5,NPZ_AMB,4,,12.385438919067383,12
5,NPZ_AMB,5,97.26487567144814,5.957302093505859,12
5,NPZ_AMB,6,86.71598092166612,2.5198585987091064,12
5,NPZ_AMB,7,97.19571848662659,9.467947959899902,12
5,NPZ_AMB,8,96.8143355686913,16.49932289123535,12
5,NPZ_AMB,9,85.2304208463117,11.003626823425293,12
5,NPZ_AMB,10,85.3473599275705,7.508752346038818,12
5,NPZ_AMB,11,75.12723378337998,1.3968769311904907,12
5,NPZ_AMB,12,74.81306778185055,7.990176439285278,12
5,NPZ_UAMB,1,,0.0,12
5,NPZ_UAMB,2,,3.3445513248443604,12
5,NPZ_UAMB,3,,8.876127243041992,12
5,NPZ_UAMB,4,,12.385443687438965,12
5,NPZ_UAMB,5,89.3173676050337,7.433012247085571,12
5,NPZ_UAMB,6,66.64403329250538,3.1254677772521973,12
5,NPZ_UAMB,7,92.74460335074487,12.171753883361816,12
5,NPZ_UAMB,8,85.86959674037615,9.030064582824707,12
5,NPZ_UAMB,9,86.0028251646387,11.938347816467285,12
5,NPZ_UAMB,10,82.02676345297212,6.26066255569458,12
5,NPZ_UAMB,11,72.44109958461559,1.5915709733963013,12
5,NPZ_UAMB,12,73.33060878290927,6.0089088678359985,12
6,MVRR_AMB,1,,0.0,11
6,MVRR_AMB,2,,13.392450332641602,11
6,MVRR_AMB,3,,13.442882537841797,11
6,MVRR_AMB,4,,1.2832703590393066,11
6,MVRR_AMB,5,89.83559933664182,7.689969062805176,11
6,MVRR_AMB,6,96.37793950159744,19.714109420776367,11
6,MVRR_AMB,7,83.84700057796572,6.478026390075684,11
6,MVRR_AMB,8,99.26814031238524,4.3274359703063965,11
6,MVRR_AMB,9,91.11536318611,3.7322838306427,11
6,MVRR_AMB,10,96.1837686677088,16.73903465270996,11
6,MVRR_AMB,11,104.54790582380159,5.413875102996826,11
6,MVRR_UAMB,1,,0.0,13
6,MVRR_UAMB,2,,13.392450332641602,13
6,MVRR_UAMB,3,,4.997732639312744,13
6,MVRR_UAMB,4,,4.089364051818848,13
6,MVRR_UAMB,5,92.50589122361218,6.965426445007324,13
6,MVRR_UAMB,6,82.71749488690281,0.39547252655029297,13
6,MVRR_UAMB,7,81.74650537017293,7.7920050621032715,13
6,MVRR_UAMB,8,96.89638982693106,14.341763496398926,13
6,MVRR_UAMB,9,87.48993605704436,5.8480682373046875,13
6,MVRR_UAMB,10,97.13339322772369,5.412981033325195,13
6,MVRR_UAMB,11,89.72828383402423,3.8220674991607666,13
6,MVRR_UAMB,12,95.67538337395989,17.0963134765625,13
6,MVRR_UAMB,13,104.13959398074188,5.531893730163574,13
6,NPS_AMB,1,,0.0,11
6,NPS_AMB,2,,13.392450332641602,11
6,NPS_AMB,3,,11.912363052368164,11
6,NPS_AMB,4,,3.08319354057312,11
6,NPS_AMB,5,104.81830091095637,17.035667419433594,11
6,NPS_AMB,6,102.57944435587237,16.585905075073242,11
6,NPS_AMB,7,87.21603740680247,3.7584095001220703,11
6,NPS_AMB,8,98.05481091907498,2.745912790298462,11
6,NPS_AMB,9,89.84367792106279,3.7806849479675293,11
6,NPS_AMB,10,95.70492738068097,17.14263343811035,11
6,NPS_AMB,11,104.55797234837492,4.117011904716492,11
6,NPS_UAMB,1,,0.0,12
6,NPS_UAMB,2,,13.392450332641602,12
6,NPS_UAMB,3,,11.912363052368164,12
6,NPS_UAMB,4,,1.288520336151123,12
6,NPS_UAMB,5,75.2733350532403,2.1244914531707764,12
6,NPS_UAMB,6,94.84683907069088,14.827924728393555,12
6,NPS_UAMB,7,100.78989585994861,16.548105239868164,12
6,NPS_UAMB,8,86.2363810227379,3.403475046157837,12
6,NPS_UAMB,9,98.38228891667036,3.1273128986358643,12
6,NPS_UAMB,10,88.88346322625021,3.951953649520874,12
6,NPS_UAMB,11,95.8068791879319,17.16674041748047,12
6,NPS_UAMB,12,104.34366125686972,4.326002359390259,12
6,NPZ_AMB,1,,0.0,14
6,NPZ_AMB,2,,3.3445513248443604,14
6,NPZ_AMB,3,,14.055242538452148,14
6,NPZ_AMB,4,,7.916998386383057,14
6,NPZ_AMB,5,81.76613689512301,1.9337712526321411,14
6,NPZ_AMB,6,104.86392919726319,13.020196914672852,14
6,NPZ_AMB,7,102.88618693889634,23.29796600341797,14
6,NPZ_AMB,8,87.04873784624007,5.527154922485352,14
6,NPZ_AMB,9,99.19708497006728,3.3914618492126465,14
6,NPZ_AMB,10,100.17976533735798,9.835099220275879,14
6,NPZ_AMB,11,74.81723759061126,0.0111002866178751,14
6,NPZ_AMB,12,72.87439029336853,4.3440141677856445,14
6,NPZ_AMB,13,76.9837378239003,9.857152938842773,14
6,NPZ_AMB,14,82.90398288978936,14.65812635421753,14
6,NPZ_UAMB,1,,0.0,14
6,NPZ_UAMB,2,,3.3445513248443604,14
6,NPZ_UAMB,3,,14.055262565612793,14
6,NPZ_UAMB,4,,14.023549556732178,14
6,NPZ_UAMB,5,72.34847751545844,3.5630416870117188,14
6,NPZ_UAMB,6,100.36444837890454,15.7561674118042,14
6,NPZ_UAMB,7,98.2989853907497,16.520357131958008,14
6,NPZ_UAMB,8,83.59389467896666,4.605216026306152,14
6,NPZ_UAMB,9,96.07259813193583,3.4775257110595703,14
6,NPZ_UAMB,10,95.2375057576878,7.25327730178833,14
6,NPZ_UAMB,11,73.58354042686021,0.012961375527083874,14
6,NPZ_UAMB,12,72.18911936636785,4.567753791809082,14
6,NPZ_UAMB,13,75.7259897933051,9.1035737991333,14
6,NPZ_UAMB,14,83.1883819351875,13.282830238342285,14
7,MVRR_AMB,1,,0.0,12
7,MVRR_AMB,2,,17.131505966186523,12
7,MVRR_AMB,3,,10.469076156616211,12
7,MVRR_AMB,4,,5.0954766273498535,12
7,MVRR_AMB,5,88.41541180713999,7.013307094573975,12
7,MVRR_AMB,6,95.63212131130318,17.671287536621094,12
7,MVRR_AMB,7,88.9208033414565,6.292760372161865,12
7,MVRR_AMB,8,98.49235145370861,12.3027982711792,12
7,MVRR_AMB,9,96.0862398784429,0.39927712082862854,12
7,MVRR_AMB,10,90.32915550626308,3.0422732830047607,12
7,MVRR_AMB,11,77.52271890343877,2.163609504699707,12
7,MVRR_AMB,12,74.0275151124866,12.814650654792786,12
7,MVRR_UAMB,1,,0.0,14
7,MVRR_UAMB,2,,17.131502151489258,14
7,MVRR_UAMB,3,,5.121212959289551,14
7,MVRR_UAMB,4,,3.823007822036743,14
7,MVRR_UAMB,5,92.82099900492784,13.611323356628418,14
7,MVRR_UAMB,6,84.47939921996777,4.196640968322754,14
7,MVRR_UAMB,7,79.21272664058237,5.2996087074279785,14
7,MVRR_UAMB,8,98.81036832041245,10.411620140075684,14
7,MVRR_UAMB,9,93.0331986900321,3.672269582748413,14
7,MVRR_UAMB,10,99.90799548027402,11.807706832885742,14
7,MVRR_UAMB,11,97.11323018248842,0.2565966844558716,14
7,MVRR_UAMB,12,90.2334532875443,2.262363910675049,14
7,MVRR_UAMB,13,77.72329072879207,1.9561951160430908,14
7,MVRR_UAMB,14,74.78274675004126,12.178055047988892,14
7,NPS_AMB,1,,0.0,13
7,NPS_AMB,2,,17.131502151489258,13
7,NPS_AMB,3,,7.263560771942139,13
7,NPS_AMB,4,,2.7909672260284424,13
7,NPS_AMB,5,89.74151144973955,10.081059455871582,13
7,NPS_AMB,6,93.13252347401318,9.549434661865234,13
7,NPS_AMB,7,87.75323267570737,4.617783546447754,13
7,NPS_AMB,8,100.40647788666965,10.279664039611816,13
7,NPS_AMB,9,96.14878344062055,0.6076088547706604,13
7,NPS_AMB,10,88.90863856059963,1.947594165802002,13
7,NPS_AMB,11,76.55223967739116,1.7277897596359253,13
7,NPS_AMB,12,96.76332357277292,8.786770820617676,13
7,NPS_AMB,13,108.19534001615192,6.3013129234313965,13
7,NPS_UAMB,1,,0.0,14
7,NPS_UAMB,2,,17.131502151489258,14
7,NPS_UAMB,3,,7.263560771942139,14
7,NPS_UAMB,4,,1.5623342990875244,14
7,NPS_UAMB,5,70.08670904463457,1.7803164720535278,14
7,NPS_UAMB,6,78.69633692026198,9.94833755493164,14
7,NPS_UAMB,7,90.54301670120161,8.186901092529297,14
7,NPS_UAMB,8,87.86429213840547,3.5514602661132812,14
7,NPS_UAMB,9,101.05202935829352,10.032753944396973,14
7,NPS_UAMB,10,95.26069314575098,0.4119420051574707,14
7,NPS_UAMB,11,88.17836684789671,1.3551831245422363,14
7,NPS_UAMB,12,76.78934841376662,1.5671294927597046,14
7,NPS_UAMB,13,96.35048034753922,8.776354789733887,14
7,NPS_UAMB,14,107.85849613531154,6.047368288040161,14
7,NPZ_AMB,1,,0.0,13
7,NPZ_AMB,2,,3.3445513248443604,13
7,NPZ_AMB,3,,16.24944305419922,13
7,NPZ_AMB,4,,8.23705005645752,13
7,NPZ_AMB,5,83.76697136208648,2.7736806869506836,13
7,NPZ_AMB,6,88.93038076490436,8.637625694274902,13
7,NPZ_AMB,7,96.56076554618795,15.219206809997559,13
7,NPZ_AMB,8,87.51793492084992,3.925692558288574,13
7,NPZ_AMB,9,101.41463303088976,12.101526260375977,13
7,NPZ_AMB,10,95.02903985603261,0.344288170337677,13
7,NPZ_AMB,11,96.71887038552237,7.969972610473633,13
7,NPZ_AMB,12,77.11770915561462,9.66978645324707,13
7,NPZ_AMB,13,91.71751718353491,5.855291366577148,13
7,NPZ_UAMB,1,,0.0,13
7,NPZ_UAMB,2,,3.3445513248443604,13
7,NPZ_UAMB,3,,16.24944305419922,13
7,NPZ_UAMB,4,,11.2445387840271,13
7,NPZ_UAMB,5,67.60415316891806,2.2488341331481934,13
7,NPZ_UAMB,6,90.28135431791559,9.32446002960205,13
7,NPZ_UAMB,7,93.22951024365572,8.006632804870605,13
7,NPZ_UAMB,8,87.52550718136156,3.4025769233703613,13
7,NPZ_UAMB,9,101.69296907655682,12.180732727050781,13
7,NPZ_UAMB,10,95.18853910134929,0.19056077301502228,13
7,NPZ_UAMB,11,93.18997606912403,9.536423683166504,13
7,NPZ_UAMB,12,76.58702250478163,9.586219787597656,13
7,NPZ_UAMB,13,90.27261100736375,3.7053315341472626,13
8,MVRR_AMB,1,,0.0,13
8,MVRR_AMB,2,,16.43817138671875,13
8,MVRR_AMB,3,,11.24244213104248,13
8,MVRR_AMB,4,,2.9618663787841797,13
8,MVRR_AMB,5,97.44363223466702,8.250757217407227,13
8,MVRR_AMB,6,108.07962028378967,17.201387405395508,13
8,MVRR_AMB,7,90.88960734809311,8.471773147583008,13
8,MVRR_AMB,8,77.3448590716203,4.150492191314697,13
8,MVRR_AMB,9,89.98247175840105,2.780482530593872,13
8,MVRR_AMB,10,82.55129915191183,1.3134807348251343,13
8,MVRR_AMB,11,82.59556856893322,7.036514759063721,13
8,MVRR_AMB,12,101.31436199186886,6.62640905380249,13
8,MVRR_AMB,13,98.37150678322138,7.166643142700195,13
8,MVRR_UAMB,1,,0.0,15
8,MVRR_UAMB,2,,16.43817138671875,15
8,MVRR_UAMB,3,,4.582573413848877,15
8,MVRR_UAMB,4,,4.5029520988464355,15
8,MVRR_UAMB,5,89.75414394307599,8.558548927307129,15
8,MVRR_UAMB,6,90.05775825362892,9.250115394592285,15
8,MVRR_UAMB,7,90.00131369354122,8.742537498474121,15
8,MVRR_UAMB,8,105.44849322316628,10.362936019897461,15
8,MVRR_UAMB,9,87.98499227157838,7.574284553527832,15
8,MVRR_UAMB,10,76.77631633212377,4.317014217376709,15
8,MVRR_UAMB,11,89.3424010621513,2.1192104816436768,15
8,MVRR_UAMB,12,79.96634105995483,0.9773944020271301,15
8,MVRR_UAMB,13,81.69026048232699,7.476850986480713,15
8,MVRR_UAMB,14,100.32252881405259,5.481193542480469,15
8,MVRR_UAMB,15,97.0613960594802,3.4599162340164185,15
8,NPS_AMB,1,,0.0,12
8,NPS_AMB,2,,16.438188552856445,12
8,NPS_AMB,3,,14.137584686279297,12
8,NPS_AMB,4,,2.6607465744018555,12
8,NPS_AMB,5,96.33390039595793,8.79248332977295,12
8,NPS_AMB,6,102.30175067703824,14.191121101379395,12
8,NPS_AMB,7,90.89305370581948,7.209756374359131,12
8,NPS_AMB,8,77.85151770863679,3.350531578063965,12
8,NPS_AMB,9,89.2333233699681,2.8773701190948486,12
8,NPS_AMB,10,82.02181072761371,1.0784797668457031,12
8,NPS_AMB,11,65.49475745875917,5.908364772796631,12
8,NPS_AMB,12,87.16793763033533,6.5028746128082275,12
8,NPS_UAMB,1,,0.0,13
8,NPS_UAMB,2,,16.43817138671875,13
8,NPS_UAMB,3,,14.137584686279297,13
8,NPS_UAMB,4,,1.4276660680770874,13
8,NPS_UAMB,5,70.78450826713278,1.8865092992782593,13
8,NPS_UAMB,6,91.3473188713891,9.525115013122559,13
8,NPS_UAMB,7,102.87530029369402,9.46846866607666,13
8,NPS_UAMB,8,89.33308193542256,7.3006510734558105,13
8,NPS_UAMB,9,77.70825253192959,3.479076862335205,13
8,NPS_UAMB,10,87.72556951562115,3.0312352180480957,13
8,NPS_UAMB,11,80.44147718192329,1.0455436706542969,13
8,NPS_UAMB,12,65.28798218397864,5.73016357421875,13
8,NPS_UAMB,13,86.4812553740381,6.824910640716553,13
8,NPZ_AMB,1,,0.0,16
8,NPZ_AMB,2,,3.6404292583465576,16
8,NPZ_AMB,3,,15.73001480102539,16
8,NPZ_AMB,4,,10.107136726379395,16
8,NPZ_AMB,5,86.48595494980626,4.534948348999023,16
8,NPZ_AMB,6,99.21080967200099,5.672900199890137,16
8,NPZ_AMB,7,103.97732101698065,16.927305221557617,16
8,NPZ_AMB,8,89.00815171588434,8.524925231933594,16
8,NPZ_AMB,9,79.12965365576571,2.617591619491577,16
8,NPZ_AMB,10,89.64111825337152,3.56704044342041,16
8,NPZ_AMB,11,87.99013142108915,3.8545026779174805,16
8,NPZ_AMB,12,88.9393417130218,1.9878093004226685,16
8,NPZ_AMB,13,79.07653830425386,0.9081605672836304,16
8,NPZ_AMB,14,75.46172848119441,2.343984365463257,16
8,NPZ_AMB,15,80.55262245030173,6.961455821990967,16
8,NPZ_AMB,16,97.86339124812558,4.726157486438751,16
8,NPZ_UAMB,1,,0.0,16
8,NPZ_UAMB,2,,3.6404292583465576,16
8,NPZ_UAMB,3,,15.73001480102539,16
8,NPZ_UAMB,4,,13.92562460899353,16
8,NPZ_UAMB,5,67.91329861973635,2.291959762573242,16
8,NPZ_UAMB,6,100.05191589088282,8.249798774719238,16
8,NPZ_UAMB,7,104.28756991180906,11.52605152130127,16
8,NPZ_UAMB,8,86.88929645409812,8.538139343261719,16
8,NPZ_UAMB,9,77.15460906001508,1.9200704097747803,16
8,NPZ_UAMB,10,88.61893210898185,3.014460325241089,16
8,NPZ_UAMB,11,86.89928960957025,4.090137958526611,16
8,NPZ_UAMB,12,88.11550595082802,1.1838984489440918,16
8,NPZ_UAMB,13,78.67690401254711,0.6150034070014954,16
8,NPZ_UAMB,14,75.78688552463443,2.4809789657592773,16
8,NPZ_UAMB,15,80.07741772300494,6.639655590057373,16
8,NPZ_UAMB,16,96.73662170132422,4.497784316539764,16
9,MVRR_AMB,1,,0.0,12
9,MVRR_AMB,2,,16.8476505279541,12
9,MVRR_AMB,3,,13.11068344116211,12
9,MVRR_AMB,4,,2.3164055347442627,12
9,MVRR_AMB,5,100.9681387157506,5.259034156799316,12
9,MVRR_AMB,6,102.579334053455,19.05419921875,12
9,MVRR_AMB,7,88.9201286959306,15.878629684448242,12
9,MVRR_AMB,8,97.2963284845328,6.725907325744629,12
9,MVRR_AMB,9,75.2796481338936,2.321845769882202,12
9,MVRR_AMB,10,85.53959996511442,6.793217658996582,12
9,MVRR_AMB,11,92.826164295978,10.324508666992188,12
9,MVRR_AMB,12,91.60871545905032,9.751811265945435,12
9,MVRR_UAMB,1,,0.0,14
9,MVRR_UAMB,2,,16.847671508789062,14
9,MVRR_UAMB,3,,6.9938883781433105,14
9,MVRR_UAMB,4,,4.5779709815979,14
9,MVRR_UAMB,5,90.72098017820856,9.494180679321289,14
9,MVRR_UAMB,6,84.80723074816991,2.7024688720703125,14
9,MVRR_UAMB,7,86.83152944899415,6.396663665771484,14
9,MVRR_UAMB,8,105.56993781026006,13.542816162109375,14
9,MVRR_UAMB,9,91.20659136368016,15.379115104675293,14
9,MVRR_UAMB,10,97.53656180968507,7.29771089553833,14
9,MVRR_UAMB,11,75.222285108884,1.7009471654891968,14
9,MVRR_UAMB,12,84.8797143551176,7.143305778503418,14
9,MVRR_UAMB,13,92.92544725359197,9.539475440979004,14
9,MVRR_UAMB,14,91.85962532251132,9.562524318695068,14
9,NPS_AMB,1,,0.0,14
9,NPS_AMB,2,,16.847671508789062,14
9,NPS_AMB,3,,10.517678260803223,14
9,NPS_AMB,4,,3.4249725341796875,14
9,NPS_AMB,5,105.57952818033635,4.554516792297363,14
9,NPS_AMB,6,98.48951232320368,16.3670654296875,14
9,NPS_AMB,7,92.39904499351677,15.706089973449707,14
9,NPS_AMB,8,97.83204846656119,4.219480991363525,14
9,NPS_AMB,9,73.10316976527746,2.6049675941467285,14
9,NPS_AMB,10,67.13436850372065,1.5693539381027222,14
9,NPS_AMB,11,82.69199609144691,12.162493705749512,14
9,NPS_AMB,12,91.51240929007108,4.817296504974365,14
9,NPS_AMB,13,85.54144201197285,0.6074405908584595,14
9,NPS_AMB,14,78.29382282296247,2.168702483177185,14
9,NPS_UAMB,1,,0.0,15
9,NPS_UAMB,2,,16.847671508789062,15
9,NPS_UAMB,3,,10.517662048339844,15
9,NPS_UAMB,4,,2.8225443363189697,15
9,NPS_UAMB,5,76.96476472741914,3.0907793045043945,15
9,NPS_UAMB,6,87.97771365217753,5.380661964416504,15
9,NPS_UAMB,7,96.4921612682477,13.456759452819824,15
9,NPS_UAMB,8,91.68316370951572,15.517749786376953,15
9,NPS_UAMB,9,97.23008470566243,3.68632435798645,15
9,NPS_UAMB,10,72.53663233357537,2.497821569442749,15
9,NPS_UAMB,11,66.17904861190006,1.3638334274291992,15
9,NPS_UAMB,12,82.95087818365624,12.127564430236816,15
9,NPS_UAMB,13,91.37092995932605,4.68259859085083,15
9,NPS_UAMB,14,85.28016383743723,0.5710999965667725,15
9,NPS_UAMB,15,78.07849041138539,2.139631450176239,15
9,NPZ_AMB,1,,0.0,14
9,NPZ_AMB,2,,3.3445513248443604,14
9,NPZ_AMB,3,,16.158977508544922,14
9,NPZ_AMB,4,,7.1216559410095215,14
9,NPZ_AMB,5,84.38215426446996,5.388856887817383,14
9,NPZ_AMB,6,103.88659066551804,4.220637321472168,14
9,NPZ_AMB,7,105.63257496503542,19.344951629638672,14
9,NPZ_AMB,8,87.31117471061904,14.842759132385254,14
9,NPZ_AMB,9,97.26820246865955,7.263590335845947,14
9,NPZ_AMB,10,75.53971989498874,2.516500234603882,14
9,NPZ_AMB,11,92.0536569578866,11.215282440185547,14
9,NPZ_AMB,12,85.59861323319775,2.6703739166259766,14
9,NPZ_AMB,13,86.22597675717607,9.566597938537598,14
9,NPZ_AMB,14,91.09422792937316,4.460210204124451,14
9,NPZ_UAMB,1,,0.0,14
9,NPZ_UAMB,2,,3.3445513248443604,14
9,NPZ_UAMB,3,,16.158987045288086,14
9,NPZ_UAMB,4,,14.086874008178711,14
9,NPZ_UAMB,5,64.70269600663248,2.9281182289123535,14
9,NPZ_UAMB,6,98.77927235118773,5.819085121154785,14
9,NPZ_UAMB,7,94.73700265301174,10.19070816040039,14
9,NPZ_UAMB,8,89.28495670484898,12.952826499938965,14
9,NPZ_UAMB,9,94.38856220968329,6.6953444480896,14
9,NPZ_UAMB,10,75.03356502223299,3.3067691326141357,14
9,NPZ_UAMB,11,90.90419393730369,11.112406730651855,14
9,NPZ_UAMB,12,85.45517798226984,2.9062249660491943,14
9,NPZ_UAMB,13,86.30652849047641,10.124449729919434,14
9,NPZ_UAMB,14,91.35080955949961,4.684206604957581,14
10,MVRR_AMB,1,,0.0,15
10,MVRR_AMB,2,,11.91115951538086,15
10,MVRR_AMB,3,,14.060510635375977,15
10,MVRR_AMB,4,,3.6344127655029297,15
10,MVRR_AMB,5,90.96790807785823,8.475711822509766,15
10,MVRR_AMB,6,101.71339497815494,18.320436477661133,15
10,MVRR_AMB,7,84.15599853021439,12.253026008605957,15
10,MVRR_AMB,8,94.1384442340706,1.7258861064910889,15
10,MVRR_AMB,9,81.24254589051507,0.0166882686316967,15
10,MVRR_AMB,10,107.04355005333134,8.267141342163086,15
10,MVRR_AMB,11,88.05425427993754,4.461703777313232,15
10,MVRR_AMB,12,93.34763093796205,10.761082649230957,15
10,MVRR_AMB,13,94.53764432015682,8.515620231628418,15
10,MVRR_AMB,14,93.1998365549452,2.4795126914978027,15
10,MVRR_AMB,15,75.09951465971024,6.666421949863434,15
10,MVRR_UAMB,1,,0.0,17
10,MVRR_UAMB,2,,11.91115951538086,17
10,MVRR_UAMB,3,,4.2762556076049805,17
10,MVRR_UAMB,4,,4.793498516082764,17
10,MVRR_UAMB,5,90.20382869358,10.268248558044434,17
10,MVRR_UAMB,6,86.56355844328132,4.3993048667907715,17
10,MVRR_UAMB,7,82.09745646597769,6.708424091339111,17
10,MVRR_UAMB,8,98.84726435721655,12.113653182983398,17
10,MVRR_UAMB,9,86.39476897833869,13.182199478149414,17
10,MVRR_UAMB,10,94.31456229122635,2.0046310424804688,17
10,MVRR_UAMB,11,81.07405226041054,0.11180349439382553,17
10,MVRR_UAMB,12,106.76964202944269,8.314217567443848,17
10,MVRR_UAMB,13,88.07066100703719,3.4836220741271973,17
10,MVRR_UAMB,14,93.53300119740761,11.10605525970459,17
10,MVRR_UAMB,15,94.9284459429694,8.472784996032715,17
10,MVRR_UAMB,16,93.4306912958486,2.4877188205718994,17
10,MVRR_UAMB,17,75.34282891502853,6.314972341060638,17
10,NPS_AMB,1,,0.0,14
10,NPS_AMB,2,,11.91115951538086,14
10,NPS_AMB,3,,13.796640396118164,14
10,NPS_AMB,4,,3.8583385944366455,14
10,NPS_AMB,5,93.31618834737533,13.388153076171875,14
10,NPS_AMB,6,101.6072626625647,15.327476501464844,14
10,NPS_AMB,7,83.6817102267618,11.068262100219727,14
10,NPS_AMB,8,92.67225587252923,1.7696491479873657,14
10,NPS_AMB,9,81.00097163179291,0.005540431942790747,14
10,NPS_AMB,10,88.64265602488058,2.925368547439575,14
10,NPS_AMB,11,67.81367081009282,3.3177571296691895,14
10,NPS_AMB,12,74.77218706542665,1.1254183053970337,14
10,NPS_AMB,13,76.50442552362976,2.3498542308807373,14
10,NPS_AMB,14,90.817631060969,16.73676323890686,14
10,NPS_UAMB,1,,0.0,15
10,NPS_UAMB,2,,11.91115951538086,15
10,NPS_UAMB,3,,13.796652793884277,15
10,NPS_UAMB,4,,1.6163800954818726,15
10,NPS_UAMB,5,71.977653770319,3.1947827339172363,15
10,NPS_UAMB,6,86.4768043367697,13.017751693725586,15
10,NPS_UAMB,7,101.93189604090982,11.862502098083496,15
10,NPS_UAMB,8,83.62602120311952,10.467412948608398,15
10,NPS_UAMB,9,91.57178406443717,1.7056465148925781,15
10,NPS_UAMB,10,81.89345673224749,0.007695954293012619,15
10,NPS_UAMB,11,87.70606375000918,2.916001319885254,15
10,NPS_UAMB,12,67.84117122156422,3.6115758419036865,15
10,NPS_UAMB,13,74.00913157994016,1.185529351234436,15
10,NPS_UAMB,14,76.997700027959,2.175900459289551,15
10,NPS_UAMB,15,91.09462610164557,16.24234366416931,15
10,NPZ_AMB,1,,0.0,15
10,NPZ_AMB,2,,3.3340907096862793,15
10,NPZ_AMB,3,,10.1961088180542,15
10,NPZ_AMB,4,,10.928754806518555,15
10,NPZ_AMB,5,84.80980688895082,3.0480539798736572,15
10,NPZ_AMB,6,93.10220753107757,8.171149253845215,15
10,NPZ_AMB,7,100.01368473449013,18.14799690246582,15
10,NPZ_AMB,8,84.21302272478509,11.310285568237305,15
10,NPZ_AMB,9,91.45882969304786,1.9309194087982178,15
10,NPZ_AMB,10,81.3085366968229,0.013910780660808086,15
10,NPZ_AMB,11,88.65247067841902,3.0741031169891357,15
10,NPZ_AMB,12,68.41817247868214,2.8245790004730225,15
10,NPZ_AMB,13,75.22000925792533,1.2861924171447754,15
10,NPZ_AMB,14,76.59924482307925,2.7234628200531006,15
10,NPZ_AMB,15,89.9674198756091,15.518838167190552,15
10,NPZ_UAMB,1,,0.0,15
10,NPZ_UAMB,2,,3.3340907096862793,15
10,NPZ_UAMB,3,,10.1961088180542,15
10,NPZ_UAMB,4,,15.058169841766357,15
10,NPZ_UAMB,5,63.60438144218335,2.086838483810425,15
10,NPZ_UAMB,6,89.76412199004335,11.149704933166504,15
10,NPZ_UAMB,7,98.36573616230409,9.2628173828125,15
10,NPZ_UAMB,8,81.52395965688788,11.30612850189209,15
10,NPZ_UAMB,9,89.70023433805946,1.3841906785964966,15
10,NPZ_UAMB,10,79.9192141292783,0.007660371717065573,15
10,NPZ_UAMB,11,86.89679272405726,3.188244581222534,15
10,NPZ_UAMB,12,67.23175502130545,3.173452377319336,15
10,NPZ_UAMB,13,73.7540268902939,1.1861059665679932,15
10,NPZ_UAMB,14,76.36920583824822,2.897003650665283,15
10,NPZ_UAMB,15,90.02725763249668,14.673168778419495,15
11,MVRR_AMB,1,,0.0,13
11,MVRR_AMB,2,,10.488463401794434,13
11,MVRR_AMB,3,,13.842033386230469,13
11,MVRR_AMB,4,,13.799051284790039,13
11,MVRR_AMB,5,86.06484559777617,3.7590694427490234,13
11,MVRR_AMB,6,105.2618467273425,7.633627414703369,13
11,MVRR_AMB,7,109.98357046795527,18.03668785095215,13
11,MVRR_AMB,8,96.89514144765687,10.697630882263184,13
11,MVRR_AMB,9,96.08405616963174,6.930390357971191,13
11,MVRR_AMB,10,99.60248634573443,1.1625821590423584,13
11,MVRR_AMB,11,89.49062392668259,5.893937110900879,13
11,MVRR_AMB,12,87.26117440478232,0.6474602818489075,13
11,MVRR_AMB,13,81.40211367823525,10.704583883285522,13
11,MVRR_UAMB,1,,0.0,15
11,MVRR_UAMB,2,,10.488463401794434,15
11,MVRR_UAMB,3,,13.84203052520752,15
11,MVRR_UAMB,4,,13.524152755737305,15
11,MVRR_UAMB,5,74.1816766658468,3.3052473068237305,15
11,MVRR_UAMB,6,95.87022623716865,8.767495155334473,15
11,MVRR_UAMB,7,83.91253643296086,1.7702499628067017,15
11,MVRR_UAMB,8,88.30545147360687,1.5423187017440796,15
11,MVRR_UAMB,9,112.80268633674648,15.885929107666016,15
11,MVRR_UAMB,10,96.36094821589253,8.313194274902344,15
11,MVRR_UAMB,11,96.47122560822454,6.886127471923828,15
11,MVRR_UAMB,12,99.27626249281056,1.102850079536438,15
11,MVRR_UAMB,13,90.58143677886702,7.095611572265625,15
11,MVRR_UAMB,14,87.13038989594675,0.6207630038261414,15
11,MVRR_UAMB,15,81.99896000863511,10.492857694625854,15
11,NPS_AMB,1,,0.0,13
11,NPS_AMB,2,,10.488463401794434,13
11,NPS_AMB,3,,13.842033386230469,13
11,NPS_AMB,4,,16.766679763793945,13
11,NPS_AMB,5,86.21350645422196,3.7382547855377197,13
11,NPS_AMB,6,104.55777524257009,6.099038124084473,13
11,NPS_AMB,7,109.10406874686225,16.142051696777344,13
11,NPS_AMB,8,95.98154954890498,9.361244201660156,13
11,NPS_AMB,9,96.14163624962359,6.4320783615112305,13
11,NPS_AMB,10,101.5050261296016,0.8572947978973389,13
11,NPS_AMB,11,90.02304743440064,4.442310333251953,13
11,NPS_AMB,12,86.98242119933504,0.6388790607452393,13
11,NPS_AMB,13,80.28409994856463,10.881612062454224,13
11,NPS_UAMB,1,,0.0,14
11,NPS_UAMB,2,,10.488463401794434,14
11,NPS_UAMB,3,,13.842033386230469,14
11,NPS_UAMB,4,,16.766679763793945,14
11,NPS_UAMB,5,77.98076656957612,1.8244867324829102,14
11,NPS_UAMB,6,70.37768778359091,2.809412717819214,14
11,NPS_UAMB,7,88.51552785140724,8.095416069030762,14
11,NPS_UAMB,8,102.78214171308989,14.897016525268555,14
11,NPS_UAMB,9,95.22921603024797,9.070561408996582,14
11,NPS_UAMB,10,96.37012607496804,5.784692764282227,14
11,NPS_UAMB,11,100.21433117150731,0.8995852470397949,14
11,NPS_UAMB,12,89.56141730840694,4.161317348480225,14
11,NPS_UAMB,13,86.9587750180398,0.5494447350502014,14
11,NPS_UAMB,14,80.3842692407194,10.889110326766968,14
11,NPZ_AMB,1,,0.0,14
11,NPZ_AMB,2,,4.093421459197998,14
11,NPZ_AMB,3,,12.834750175476074,14
11,NPZ_AMB,4,,14.60932731628418,14
11,NPZ_AMB,5,99.80655458293916,8.486063957214355,14
11,NPZ_AMB,6,87.67246809530984,6.13074254989624,14
11,NPZ_AMB,7,106.08156463482517,6.577617645263672,14
11,NPZ_AMB,8,103.4711353835469,16.99240493774414,14
11,NPZ_AMB,9,95.73642126924678,9.772099494934082,14
11,NPZ_AMB,10,93.78212458669067,7.503810882568359,14
11,NPZ_AMB,11,98.89271557741893,0.8965513110160828,14
11,NPZ_AMB,12,91.16538091458446,6.667661190032959,14
11,NPZ_AMB,13,87.14217707196671,0.7738569378852844,14
11,NPZ_AMB,14,81.79781496302131,10.681831359863281,14
11,NPZ_UAMB,1,,0.0,14
11,NPZ_UAMB,2,,4.093421459197998,14
11,NPZ_UAMB,3,,12.834746360778809,14
11,NPZ_UAMB,4,,14.609332084655762,14
11,NPZ_UAMB,5,99.46663643002928,9.267858326435089,14
11,NPZ_UAMB,6,65.68082423233194,3.065305709838867,14
11,NPZ_UAMB,7,105.48360457375693,7.4872236251831055,14
11,NPZ_UAMB,8,102.11905894824704,13.994222640991211,14
11,NPZ_UAMB,9,94.06325441263564,7.704682350158691,14
11,NPZ_UAMB,10,94.43451751206926,7.002260684967041,14
11,NPZ_UAMB,11,95.84665138163274,0.7987229228019714,14
11,NPZ_UAMB,12,89.60683105629423,5.951555252075195,14
11,NPZ_UAMB,13,85.92308606896974,0.7389110922813416,14
11,NPZ_UAMB,14,80.84886481526588,10.296984195709229,14
12,MVRR_AMB,1,,0.0,12
12,MVRR_AMB,2,,14.036270141601562,12
12,MVRR_AMB,3,,4.923037528991699,12
12,MVRR_AMB,4,,11.197772979736328,12
12,MVRR_AMB,5,74.60490337754216,4.042778015136719,12
12,MVRR_AMB,6,87.1987675978704,10.4063720703125,12
12,MVRR_AMB,7,99.86661026822237,16.838083267211914,12
12,MVRR_AMB,8,93.0898011322636,13.53358268737793,12
12,MVRR_AMB,9,97.81925838741867,6.767860412597656,12
12,MVRR_AMB,10,96.02536100281016,5.677803993225098,12
12,MVRR_AMB,11,86.33450309995818,10.673529624938965,12
12,MVRR_AMB,12,95.69080348254008,6.781838774681091,12
12,MVRR_UAMB,1,,0.0,14
12,MVRR_UAMB,2,,14.036270141601562,14
12,MVRR_UAMB,3,,4.923020362854004,14
12,MVRR_UAMB,4,,6.332385540008545,14
12,MVRR_UAMB,5,71.01822407439188,3.293248414993286,14
12,MVRR_UAMB,6,88.5827742927382,6.766388893127441,14
12,MVRR_UAMB,7,81.63461523981965,3.8228158950805664,14
12,MVRR_UAMB,8,83.95964452294368,11.228089332580566,14
12,MVRR_UAMB,9,101.58353783382793,13.404105186462402,14
12,MVRR_UAMB,10,94.95215661523658,14.266695976257324,14
12,MVRR_UAMB,11,96.37848677002258,8.131794929504395,14
12,MVRR_UAMB,12,94.1496701270231,5.610133647918701,14
12,MVRR_UAMB,13,87.78342221194923,10.4325532913208,14
12,MVRR_UAMB,14,95.74088908304135,6.3670724630355835,14
12,NPS_AMB,1,,0.0,12
12,NPS_AMB,2,,14.036270141601562,12
12,NPS_AMB,3,,4.923037528991699,12
12,NPS_AMB,4,,12.730560302734375,12
12,NPS_AMB,5,75.44334465779104,2.237680435180664,12
12,NPS_AMB,6,94.73426866348882,12.387060165405273,12
12,NPS_AMB,7,102.80980552411765,14.465042114257812,12
12,NPS_AMB,8,91.4897941285026,10.91640853881836,12
12,NPS_AMB,9,95.47682457593086,6.100910663604736,12
12,NPS_AMB,10,91.09312828330332,3.9662814140319824,12
12,NPS_AMB,11,81.30922516545421,10.297812461853027,12
12,NPS_AMB,12,88.58455145077768,8.499650955200195,12
12,NPS_UAMB,1,,0.0,13
12,NPS_UAMB,2,,14.036270141601562,13
12,NPS_UAMB,3,,4.923020362854004,13
12,NPS_UAMB,4,,12.730579376220703,13
12,NPS_UAMB,5,73.02571069049017,1.7765246629714966,13
12,NPS_UAMB,6,71.8145692269447,2.0557403564453125,13
12,NPS_UAMB,7,84.74990747367933,11.417777061462402,13
12,NPS_UAMB,8,100.4977049267554,12.018830299377441,13
12,NPS_UAMB,9,90.47928150716216,11.386680603027344,13
12,NPS_UAMB,10,95.16790480892725,5.831569194793701,13
12,NPS_UAMB,11,88.23132019246138,3.583397388458252,13
12,NPS_UAMB,12,81.63346050859285,10.164682388305664,13
12,NPS_UAMB,13,87.23279699129547,8.503880977630615,13
12,NPZ_AMB,1,,0.0,12
12,NPZ_AMB,2,,3.2443795204162598,12
12,NPZ_AMB,3,,15.133278846740723,12
12,NPZ_AMB,4,,4.51356840133667,12
12,NPZ_AMB,5,90.2146236455469,9.237251281738281,12
12,NPZ_AMB,6,79.90971969949943,5.286966323852539,12
12,NPZ_AMB,7,89.43374458863835,10.403510093688965,12
12,NPZ_AMB,8,101.09906889470057,19.97793197631836,12
12,NPZ_AMB,9,94.2293346322654,12.563018798828125,12
12,NPZ_AMB,10,96.4948303481363,6.043209075927734,12
12,NPZ_AMB,11,95.68388786449934,5.981346130371094,12
12,NPZ_AMB,12,77.53269024911445,3.332813024520874,12
12,NPZ_UAMB,1,,0.0,12
12,NPZ_UAMB,2,,3.2443857192993164,12
12,NPZ_UAMB,3,,15.133310317993164,12
12,NPZ_UAMB,4,,4.51355504989624,12
12,NPZ_UAMB,5,93.91486913216087,15.443870067596436,12
12,NPZ_UAMB,6,64.52786109992316,2.717452049255371,12
12,NPZ_UAMB,7,89.82188820964879,11.083134651184082,12
12,NPZ_UAMB,8,97.59392268896853,10.219317436218262,12
12,NPZ_UAMB,9,92.57392478736801,13.138260841369629,12
12,NPZ_UAMB,10,94.95998251462676,5.855264186859131,12
12,NPZ_UAMB,11,92.84109717287461,6.452655792236328,12
12,NPZ_UAMB,12,76.84183351914498,2.475269079208374,12
13,MVRR_AMB,1,,0.0,13
13,MVRR_AMB,2,,13.928672790527344,13
13,MVRR_AMB,3,,9.458889961242676,13
13,MVRR_AMB,4,,3.6014480590820312,13
13,MVRR_AMB,5,89.36203637281967,7.733851432800293,13
13,MVRR_AMB,6,91.39456879750328,15.78225040435791,13
13,MVRR_AMB,7,92.17610935201157,21.982032775878906,13
13,MVRR_AMB,8,102.20758266738973,2.3157029151916504,13
13,MVRR_AMB,9,93.24491813871064,2.587960958480835,13
13,MVRR_AMB,10,74.67309325322529,4.877050399780273,13
13,MVRR_AMB,11,70.51880363315166,1.1712757349014282,13
13,MVRR_AMB,12,74.321325369029,9.586478233337402,13
13,MVRR_AMB,13,94.10112742652193,17.959855318069458,13
13,MVRR_UAMB,1,,0.0,15
13,MVRR_UAMB,2,,13.928672790527344,15
13,MVRR_UAMB,3,,9.13512134552002,15
13,MVRR_UAMB,4,,3.818499803543091,15
13,MVRR_UAMB,5,89.57179594129049,8.919779777526855,15
13,MVRR_UAMB,6,83.45566841282607,5.39565896987915,15
13,MVRR_UAMB,7,82.5556156772669,6.402525424957275,15
13,MVRR_UAMB,8,94.91974619788205,10.163152694702148,15
13,MVRR_UAMB,9,91.42377418012082,14.491508483886719,15
13,MVRR_UAMB,10,100.15178863116549,1.86290442943573,15
13,MVRR_UAMB,11,93.0845414860854,2.7298600673675537,15
13,MVRR_UAMB,12,75.62071725611615,3.804513931274414,15
13,MVRR_UAMB,13,70.18996750488787,1.1199396848678589,15
13,MVRR_UAMB,14,75.22605602019728,9.199628829956055,15
13,MVRR_UAMB,15,94.92848136336495,17.51348876953125,15
13,NPS_AMB,1,,0.0,12
13,NPS_AMB,2,,13.928672790527344,12
13,NPS_AMB,3,,12.561808586120605,12
13,NPS_AMB,4,,3.771505832672119,12
13,NPS_AMB,5,94.62768711943062,8.696803092956543,12
13,NPS_AMB,6,90.60340806169978,12.232320785522461,12
13,NPS_AMB,7,92.91251112722804,18.173389434814453,12
13,NPS_AMB,8,101.25153897546356,1.248755931854248,12
13,NPS_AMB,9,93.78219680288096,0.9943746328353882,12
13,NPS_AMB,10,79.82588376669531,4.699123382568359,12
13,NPS_AMB,11,81.676648499395,5.606880187988281,12
13,NPS_AMB,12,88.84518183880152,4.085140705108643,12
13,NPS_UAMB,1,,0.0,13
13,NPS_UAMB,2,,13.928672790527344,13
13,NPS_UAMB,3,,12.561809539794922,13
13,NPS_UAMB,4,,5.975160121917725,13
13,NPS_UAMB,5,74.43867725959765,3.0819599628448486,13
13,NPS_UAMB,6,84.63933239336134,12.20267391204834,13
13,NPS_UAMB,7,83.8800037496052,7.887467861175537,13
13,NPS_UAMB,8,92.80298792619696,8.604009628295898,13
13,NPS_UAMB,9,99.87923567592554,1.7112799882888794,13
13,NPS_UAMB,10,92.7829648435674,0.955567479133606,13
13,NPS_UAMB,11,78.96640639389419,4.614799976348877,13
13,NPS_UAMB,12,82.70840691664722,5.694136142730713,13
13,NPS_UAMB,13,89.04799240719555,3.983819842338562,13
13,NPZ_AMB,1,,0.0,14
13,NPZ_AMB,2,,3.3340907096862793,14
13,NPZ_AMB,3,,11.52664852142334,14
13,NPZ_AMB,4,,12.252738952636719,14
13,NPZ_AMB,5,81.25438827491243,3.385460615158081,14
13,NPZ_AMB,6,96.90862068189693,13.462550163269043,14
13,NPZ_AMB,7,85.73226211322816,13.931522369384766,14
13,NPZ_AMB,8,94.70067535380116,15.740472793579102,14
13,NPZ_AMB,9,101.91916039519433,2.4447784423828125,14
13,NPZ_AMB,10,96.42475274755688,3.5056183338165283,14
13,NPZ_AMB,11,79.12300836254279,10.534571647644043,14
13,NPZ_AMB,12,87.32124016904918,1.9296631813049316,14
13,NPZ_AMB,13,73.5204236957782,5.004549980163574,14
13,NPZ_AMB,14,84.81668679756434,11.795364379882812,14
13,NPZ_UAMB,1,,0.0,14
13,NPZ_UAMB,2,,3.3340907096862793,14
13,NPZ_UAMB,3,,11.526654243469238,14
13,NPZ_UAMB,4,,19.836679458618164,14
13,NPZ_UAMB,5,64.52324795916577,2.4388954639434814,14
13,NPZ_UAMB,6,94.35780433172745,11.573202133178711,14
13,NPZ_UAMB,7,83.98283597154443,8.249488830566406,14
13,NPZ_UAMB,8,93.57530050850384,10.609861373901367,14
13,NPZ_UAMB,9,99.46453533924519,2.2320964336395264,14
13,NPZ_UAMB,10,93.74338311576881,3.3213090896606445,14
13,NPZ_UAMB,11,79.37010683564984,10.146297454833984,14
13,NPZ_UAMB,12,86.3338399849588,2.6472747325897217,14
13,NPZ_UAMB,13,72.86149983224065,4.761014938354492,14
13,NPZ_UAMB,14,84.67841188356529,8.366178512573242,14
14,MVRR_AMB,1,,0.0,12
14,MVRR_AMB,2,,14.832036018371582,12
14,MVRR_AMB,3,,5.431089878082275,12
14,MVRR_AMB,4,,14.127427101135254,12
14,MVRR_AMB,5,85.43028319635903,2.563530206680298,12
14,MVRR_AMB,6,94.22047730012359,10.732067108154297,12
14,MVRR_AMB,7,105.20732768997513,20.954099655151367,12
14,MVRR_AMB,8,93.68907354881274,9.614629745483398,12
14,MVRR_AMB,9,100.00775315483169,5.7509331703186035,12
14,MVRR_AMB,10,93.22883273924886,4.146487236022949,12
14,MVRR_AMB,11,65.482624154972,2.0402214527130127,12
14,MVRR_AMB,12,81.2775591829388,5.667377948760986,12
14,MVRR_UAMB,1,,0.0,14
14,MVRR_UAMB,2,,14.832036018371582,14
14,MVRR_UAMB,3,,5.431078910827637,14
14,MVRR_UAMB,4,,3.554982900619507,14
14,MVRR_UAMB,5,76.29426389053307,3.8751578330993652,14
14,MVRR_UAMB,6,85.79973595753805,10.034516334533691,14
14,MVRR_UAMB,7,89.95343480335934,1.2948055267333984,14
14,MVRR_UAMB,8,86.67901941290214,7.868288040161133,14
14,MVRR_UAMB,9,102.61357239511116,13.890713691711426,14
14,MVRR_UAMB,10,88.97019898876769,7.12162971496582,14
14,MVRR_UAMB,11,96.3608716584257,4.890454292297363,14
14,MVRR_UAMB,12,91.00955369136364,3.980130434036255,14
14,MVRR_UAMB,13,65.57438440770535,2.0917093753814697,14
14,MVRR_UAMB,14,81.03581988058075,6.20295786857605,14
14,NPS_AMB,1,,0.0,12
14,NPS_AMB,2,,14.832036018371582,12
14,NPS_AMB,3,,5.431089878082275,12
14,NPS_AMB,4,,11.841042518615723,12
14,NPS_AMB,5,82.98961260910134,4.31795597076416,12
14,NPS_AMB,6,91.64626265047097,11.335494041442871,12
14,NPS_AMB,7,99.97770341456169,14.051741600036621,12
14,NPS_AMB,8,91.78180450561298,10.486414909362793,12
14,NPS_AMB,9,98.75514393391683,5.190668106079102,12
14,NPS_AMB,10,91.34110306351154,3.7591471672058105,12
14,NPS_AMB,11,65.53904243109241,2.240093946456909,12
14,NPS_AMB,12,81.74228144650483,6.928948163986206,12
14,NPS_UAMB,1,,0.0,13
14,NPS_UAMB,2,,14.832036018371582,13
14,NPS_UAMB,3,,5.431078910827637,13
14,NPS_UAMB,4,,11.841035842895508,13
14,NPS_UAMB,5,79.96774651942647,3.698195457458496,13
14,NPS_UAMB,6,70.791762094467,3.5775883197784424,13
14,NPS_UAMB,7,87.06059306264308,11.101646423339844,13
14,NPS_UAMB,8,94.257638148932,12.13066577911377,13
14,NPS_UAMB,9,88.67976316254254,9.086220741271973,13
14,NPS_UAMB,10,97.31699212568077,7.714789390563965,13
14,NPS_UAMB,11,88.46352268515716,3.801666259765625,13
14,NPS_UAMB,12,65.11766824549578,1.930909276008606,13
14,NPS_UAMB,13,80.35361662518591,6.167065143585205,13
14,NPZ_AMB,1,,0.0,13
14,NPZ_AMB,2,,3.3445513248443604,13
14,NPZ_AMB,3,,13.960582733154297,13
14,NPZ_AMB,4,,8.570712089538574,13
14,NPZ_AMB,5,85.06560837255986,8.957276344299316,13
14,NPZ_AMB,6,80.51434795328048,4.0893778800964355,13
14,NPZ_AMB,7,79.36020571720603,1.7970633506774902,13
14,NPZ_AMB,8,96.1868957454419,17.82013702392578,13
14,NPZ_AMB,9,85.20743017066447,9.244131088256836,13
14,NPZ_AMB,10,97.32050335513162,4.659147262573242,13
14,NPZ_AMB,11,93.86239827248225,4.218771457672119,13
14,NPZ_AMB,12,65.80190089346091,1.9269018173217773,13
14,NPZ_AMB,13,81.95709211931226,4.838002920150757,13
14,NPZ_UAMB,1,,0.0,14
14,NPZ_UAMB,2,,3.3445513248443604,14
14,NPZ_UAMB,3,,13.96058177947998,14
14,NPZ_UAMB,4,,8.570732116699219,14
14,NPZ_UAMB,5,82.84899710126986,11.32696533203125,14
14,NPZ_UAMB,6,64.48262400930798,2.3180227279663086,14
14,NPZ_UAMB,7,85.34494567964681,8.80159854888916,14
14,NPZ_UAMB,8,93.86122529253704,16.204959869384766,14
14,NPZ_UAMB,9,93.39299587124636,13.267083168029785,14
14,NPZ_UAMB,10,95.24360637333332,9.201872825622559,14
14,NPZ_UAMB,11,89.6378375240863,7.978859901428223,14
14,NPZ_UAMB,12,67.9633087461504,2.5869224071502686,14
14,NPZ_UAMB,13,80.70147897530593,9.022036790847778,14
14,NPZ_UAMB,14,57.146040551111135,14.922434329986572,14
15,MVRR_AMB,1,,0.0,11
15,MVRR_AMB,2,,15.388604164123535,11
15,MVRR_AMB,3,,10.529155731201172,11
15,MVRR_AMB,4,,2.670478582382202,11
15,MVRR_AMB,5,91.22001175758936,8.70654010772705,11
15,MVRR_AMB,6,86.99820876851933,12.958703994750977,11
15,MVRR_AMB,7,97.0606827881035,23.171340942382812,11
15,MVRR_AMB,8,99.02815181982594,7.614059925079346,11
15,MVRR_AMB,9,97.36408749325042,2.871037006378174,11
15,MVRR_AMB,10,92.96619632055972,10.363483428955078,11
15,MVRR_AMB,11,100.57248545103039,9.697523832321167,11
15,MVRR_UAMB,1,,0.0,13
15,MVRR_UAMB,2,,15.388615608215332,13
15,MVRR_UAMB,3,,4.0951008796691895,13
15,MVRR_UAMB,4,,4.53678560256958,13
15,MVRR_UAMB,5,90.3834181907034,8.61430835723877,13
15,MVRR_UAMB,6,89.63905889209171,10.06269359588623,13
15,MVRR_UAMB,7,81.06015393075437,7.723842144012451,13
15,MVRR_UAMB,8,90.14326748925717,8.454824447631836,13
15,MVRR_UAMB,9,92.58504166042296,14.386640548706055,13
15,MVRR_UAMB,10,98.55494396649271,5.300805568695068,13
15,MVRR_UAMB,11,98.50844959372245,2.6008048057556152,13
15,MVRR_UAMB,12,93.54533446854856,9.44636344909668,13
15,MVRR_UAMB,13,101.22136039114305,9.895933151245117,13
15,NPS_AMB,1,,0.0,11
15,NPS_AMB,2,,15.388604164123535,11
15,NPS_AMB,3,,13.062456130981445,11
15,NPS_AMB,4,,3.359017848968506,11
15,NPS_AMB,5,89.92615674004824,8.714445114135742,11
15,NPS_AMB,6,81.13203406190695,9.008440017700195,11
15,NPS_AMB,7,95.90922357901832,17.410140991210938,11
15,NPS_AMB,8,97.4102138581616,7.898502826690674,11
15,NPS_AMB,9,96.54278311357933,4.084226608276367,11
15,NPS_AMB,10,93.11803477622844,10.192500114440918,11
15,NPS_AMB,11,100.64792766882805,9.316035032272339,11
15,NPS_UAMB,1,,0.0,12
15,NPS_UAMB,2,,15.388604164123535,12
15,NPS_UAMB,3,,13.062456130981445,12
15,NPS_UAMB,4,,0.937876284122467,12
15,NPS_UAMB,5,69.1083079116712,1.734995722770691,12
15,NPS_UAMB,6,81.24900417737106,9.806879997253418,12
15,NPS_UAMB,7,81.96545550094928,6.978610038757324,12
15,NPS_UAMB,8,93.03518223222503,14.09643840789795,12
15,NPS_UAMB,9,99.00184480087405,8.56812858581543,12
15,NPS_UAMB,10,98.59735094721988,3.918905735015869,12
15,NPS_UAMB,11,94.1458799371004,10.273453712463379,12
15,NPS_UAMB,12,100.62017118183122,9.699605226516724,12
15,NPZ_AMB,1,,0.0,12
15,NPZ_AMB,2,,3.3445451259613037,12
15,NPZ_AMB,3,,15.458305358886719,12
15,NPZ_AMB,4,,8.198164939880371,12
15,NPZ_AMB,5,85.4106063468883,4.1498236656188965,12
15,NPZ_AMB,6,90.8476592862323,8.615816116333008,12
15,NPZ_AMB,7,85.35526938182298,13.354490280151367,12
15,NPZ_AMB,8,92.28816254337875,17.98977279663086,12
15,NPZ_AMB,9,100.30601693066541,7.273413181304932,12
15,NPZ_AMB,10,101.94446866576278,3.035429000854492,12
15,NPZ_AMB,11,94.27930368611821,11.313217163085938,12
15,NPZ_AMB,12,99.64295872953991,9.906705379486084,12
15,NPZ_UAMB,1,,0.0,12
15,NPZ_UAMB,2,,3.3445513248443604,12
15,NPZ_UAMB,3,,15.458290100097656,12
15,NPZ_UAMB,4,,13.109549045562744,12
15,NPZ_UAMB,5,63.41481065011493,2.583857297897339,12
15,NPZ_UAMB,6,88.63338023314014,11.083104133605957,12
15,NPZ_UAMB,7,81.80261327725304,9.557623863220215,12
15,NPZ_UAMB,8,88.97474970501474,10.027518272399902,12
15,NPZ_UAMB,9,98.7780837795122,8.107244491577148,12
15,NPZ_UAMB,10,99.39321464176226,3.236313819885254,12
15,NPZ_UAMB,11,93.90256944874447,10.761585235595703,12
15,NPZ_UAMB,12,99.56581053293448,8.302530765533447,12
16,MVRR_AMB,1,,0.0,14
16,MVRR_AMB,2,,10.502706527709961,14
16,MVRR_AMB,3,,3.5591139793395996,14
16,MVRR_AMB,4,,14.334815979003906,14
16,MVRR_AMB,5,86.71787920140086,3.1894588470458984,14
16,MVRR_AMB,6,109.08785846394754,11.152714729309082,14
16,MVRR_AMB,7,105.75197543701302,15.489194869995117,14
16,MVRR_AMB,8,89.81939364856792,10.863048553466797,14
16,MVRR_AMB,9,109.55911531254459,4.694800853729248,14
16,MVRR_AMB,10,102.75323083120485,6.759006023406982,14
16,MVRR_AMB,11,84.50282811443253,6.021683692932129,14
16,MVRR_AMB,12,90.38513881008492,11.770258903503418,14
16,MVRR_AMB,13,84.87583860243258,2.0814380645751953,14
16,MVRR_AMB,14,89.8004900198865,16.125197291374207,14
16,MVRR_UAMB,1,,0.0,16
16,MVRR_UAMB,2,,10.502706527709961,16
16,MVRR_UAMB,3,,3.559110403060913,16
16,MVRR_UAMB,4,,4.466142654418945,16
16,MVRR_UAMB,5,77.46314225986748,2.9990241527557373,16
16,MVRR_UAMB,6,90.54525413418028,11.362104415893555,16
16,MVRR_UAMB,7,92.63474157478181,4.3811845779418945,16
16,MVRR_UAMB,8,96.64418021262372,11.58441162109375,16
16,MVRR_UAMB,9,108.14168739014029,11.015028953552246,16
16,MVRR_UAMB,10,91.76843117719487,10.498833656311035,16
16,MVRR_UAMB,11,110.3360867188207,4.0219926834106445,16
16,MVRR_UAMB,12,104.07878778937273,6.774669170379639,16
16,MVRR_UAMB,13,85.1558907638481,5.383983135223389,16
16,MVRR_UAMB,14,90.58351645506609,11.297780990600586,16
16,MVRR_UAMB,15,84.45645882287123,2.159090280532837,16
16,MVRR_UAMB,16,90.16577376712847,16.701017141342163,16
16,NPS_AMB,1,,0.0,15
16,NPS_AMB,2,,10.502706527709961,15
16,NPS_AMB,3,,3.559110403060913,15
16,NPS_AMB,4,,9.475576400756836,15
16,NPS_AMB,5,79.0960586230099,3.6675961017608643,15
16,NPS_AMB,6,108.2399443373518,14.190120697021484,15
16,NPS_AMB,7,107.08199033184884,16.32744026184082,15
16,NPS_AMB,8,90.58851183421949,10.658048629760742,15
16,NPS_AMB,9,109.9366907724241,4.917335510253906,15
16,NPS_AMB,10,103.1263586541864,6.5320329666137695,15
16,NPS_AMB,11,76.68297283850067,1.2992140054702759,15
16,NPS_AMB,12,92.46475866340477,9.325630187988281,15
16,NPS_AMB,13,73.61855552329676,0.009463539347052574,15
16,NPS_AMB,14,73.6733035398177,6.754126071929932,15
16,NPS_AMB,15,79.73720694475604,2.9810779094696045,15
16,NPS_UAMB,1,,0.0,16
16,NPS_UAMB,2,,10.502706527709961,16
16,NPS_UAMB,3,,3.559110403060913,16
16,NPS_UAMB,4,,9.475576400756836,16
16,NPS_UAMB,5,79.39938069196259,5.153955459594727,16
16,NPS_UAMB,6,74.1603179578562,3.9191761016845703,16
16,NPS_UAMB,7,96.47591263098562,14.373905181884766,16
16,NPS_UAMB,8,104.01017166438984,9.18416976928711,16
16,NPS_UAMB,9,91.84652342031929,9.487920761108398,16
16,NPS_UAMB,10,108.93875973660528,5.71811580657959,16
16,NPS_UAMB,11,101.64175880899262,6.159757614135742,16
16,NPS_UAMB,12,77.33150001941934,1.387527346611023,16
16,NPS_UAMB,13,91.94495438368354,9.014472961425781,16
16,NPS_UAMB,14,73.31334557863424,0.006680823862552643,16
16,NPS_UAMB,15,72.90794911914672,6.427488327026367,16
16,NPS_UAMB,16,78.2708851217526,3.0757148265838623,16
16,NPZ_AMB,1,,0.0,14
16,NPZ_AMB,2,,3.692049264907837,14
16,NPZ_AMB,3,,11.755525588989258,14
16,NPZ_AMB,4,,2.2779762744903564,14
16,NPZ_AMB,5,91.79231451370208,12.476105690002441,14
16,NPZ_AMB,6,90.38428227711732,3.5117831230163574,14
16,NPZ_AMB,7,103.24658958839994,14.85147476196289,14
16,NPZ_AMB,8,106.48612125001047,16.21013641357422,14
16,NPZ_AMB,9,88.66266168952058,9.549500465393066,14
16,NPZ_AMB,10,111.49801601808001,1.8414340019226074,14
16,NPZ_AMB,11,105.02583510302053,7.178659915924072,14
16,NPZ_AMB,12,76.97587539480217,1.1859047412872314,14
16,NPZ_AMB,13,95.5752934251967,6.841156005859375,14
16,NPZ_AMB,14,98.35581004778452,9.144742250442505,14
16,NPZ_UAMB,1,,0.0,14
16,NPZ_UAMB,2,,3.692049264907837,14
16,NPZ_UAMB,3,,11.755520820617676,14
16,NPZ_UAMB,4,,2.27799916267395,14
16,NPZ_UAMB,5,94.64640691513439,15.108336210250854,14
16,NPZ_UAMB,6,65.19430741103527,2.912055253982544,14
16,NPZ_UAMB,7,104.04373215330915,16.13455581665039,14
16,NPZ_UAMB,8,103.70717542772447,8.480576515197754,14
16,NPZ_UAMB,9,90.295146798469,10.108227729797363,14
16,NPZ_UAMB,10,107.51255905604948,3.566204071044922,14
16,NPZ_UAMB,11,101.39282868084977,7.504642486572266,14
16,NPZ_UAMB,12,74.91687013880873,1.3312422037124634,14
16,NPZ_UAMB,13,94.49079332949725,6.635193824768066,14
16,NPZ_UAMB,14,97.7093836288906,7.835709035396576,14
17,MVRR_AMB,1,,0.0,12
17,MVRR_AMB,2,,16.633054733276367,12
17,MVRR_AMB,3,,5.964714527130127,12
17,MVRR_AMB,4,,9.850440979003906,12
17,MVRR_AMB,5,80.91896065311653,3.956049919128418,12
17,MVRR_AMB,6,90.80469643292501,10.981132507324219,12
17,MVRR_AMB,7,96.20848150992612,21.72568130493164,12
17,MVRR_AMB,8,93.50112445680615,18.39764404296875,12
17,MVRR_AMB,9,98.77732670138305,6.938290596008301,12
17,MVRR_AMB,10,100.53999228458784,4.309812068939209,12
17,MVRR_AMB,11,85.78135728294563,3.6525461673736572,12
17,MVRR_AMB,12,81.54123295062445,8.309486865997314,12
17,MVRR_UAMB,1,,0.0,14
17,MVRR_UAMB,2,,16.633066177368164,14
17,MVRR_UAMB,3,,5.96470308303833,14
17,MVRR_UAMB,4,,4.673276901245117,14
17,MVRR_UAMB,5,79.82024736658062,4.301357746124268,14
17,MVRR_UAMB,6,88.62545438918805,10.045330047607422,14
17,MVRR_UAMB,7,82.76740496275752,1.1396324634552002,14
17,MVRR_UAMB,8,84.54416345238825,2.267085313796997,14
17,MVRR_UAMB,9,101.49194552547573,13.343299865722656,14
17,MVRR_UAMB,10,92.78616865833418,16.09243392944336,14
17,MVRR_UAMB,11,98.60307402588488,6.9756903648376465,14
17,MVRR_UAMB,12,99.49402939306081,4.999710559844971,14
17,MVRR_UAMB,13,85.49681019244879,2.997140884399414,14
17,MVRR_UAMB,14,81.40507410322945,9.227391004562378,14
17,NPS_AMB,1,,0.0,12
17,NPS_AMB,2,,16.633054733276367,12
17,NPS_AMB,3,,5.964714527130127,12
17,NPS_AMB,4,,12.435904502868652,12
17,NPS_AMB,5,76.98984107334834,3.000966787338257,12
17,NPS_AMB,6,86.08004817350327,10.647908210754395,12
17,NPS_AMB,7,89.25214031342958,18.52013397216797,12
17,NPS_AMB,8,93.16495721968552,23.96938133239746,12
17,NPS_AMB,9,98.44257636427109,4.87886381149292,12
17,NPS_AMB,10,101.08581369061639,3.7047178745269775,12
17,NPS_AMB,11,85.99434975564448,4.417835235595703,12
17,NPS_AMB,12,81.56509120799349,9.014636516571045,12
17,NPS_UAMB,1,,0.0,13
17,NPS_UAMB,2,,16.633066177368164,13
17,NPS_UAMB,3,,5.96470308303833,13
17,NPS_UAMB,4,,12.435908317565918,13
17,NPS_UAMB,5,75.92546529272666,3.0238759517669678,13
17,NPS_UAMB,6,67.74807453573005,3.0649421215057373,13
17,NPS_UAMB,7,80.79993869544383,9.838249206542969,13
17,NPS_UAMB,8,87.20739595670736,12.2676362991333,13
17,NPS_UAMB,9,92.08613359635619,11.6069974899292,13
17,NPS_UAMB,10,98.66076695588221,4.449650764465332,13
17,NPS_UAMB,11,100.7118413951829,3.271282911300659,13
17,NPS_UAMB,12,85.22597418745121,4.6489691734313965,13
17,NPS_UAMB,13,81.95478049959604,8.83398175239563,13
17,NPZ_AMB,1,,0.0,13
17,NPZ_AMB,2,,3.6803536415100098,13
17,NPZ_AMB,3,,15.82532024383545,13
17,NPZ_AMB,4,,5.899842739105225,13
17,NPZ_AMB,5,110.94152388460468,6.432239055633545,13
17,NPZ_AMB,6,89.04000216007607,2.1444013118743896,13
17,NPZ_AMB,7,90.28733035413573,9.92490005493164,13
17,NPZ_AMB,8,94.61561987504322,18.66329574584961,13
17,NPZ_AMB,9,90.65604202414526,18.038558959960938,13
17,NPZ_AMB,10,98.15054466040078,6.069011688232422,13
17,NPZ_AMB,11,98.9996017148238,4.020796775817871,13
17,NPZ_AMB,12,84.63009058334806,3.112539291381836,13
17,NPZ_AMB,13,80.6631957715183,9.980969667434692,13
17,NPZ_UAMB,1,,0.0,13
17,NPZ_UAMB,2,,3.6803536415100098,13
17,NPZ_UAMB,3,,15.82532024383545,13
17,NPZ_UAMB,4,,5.899842739105225,13
17,NPZ_UAMB,5,101.1931364071733,8.09452760219574,13
17,NPZ_UAMB,6,66.11173644342702,2.677781343460083,13
17,NPZ_UAMB,7,87.52109448349238,13.494915962219238,13
17,NPZ_UAMB,8,87.08657536287043,11.67556381225586,13
17,NPZ_UAMB,9,90.94677929809302,9.884299278259277,13
17,NPZ_UAMB,10,96.79357817893184,5.175446510314941,13
17,NPZ_UAMB,11,97.56582486195522,3.0240397453308105,13
17,NPZ_UAMB,12,83.51170527015061,3.5310895442962646,13
17,NPZ_UAMB,13,80.19474599150622,8.239737033843994,13
18,MVRR_AMB,1,,0.0,12
18,MVRR_AMB,2,,13.881789207458496,12
18,MVRR_AMB,3,,13.418445587158203,12
18,MVRR_AMB,4,,1.6755443811416626,12
18,MVRR_AMB,5,91.90240300656008,3.78645920753479,12
18,MVRR_AMB,6,94.49582819537203,17.078887939453125,12
18,MVRR_AMB,7,95.95067678040614,21.320960998535156,12
18,MVRR_AMB,8,106.91746711069382,4.8613128662109375,12
18,MVRR_AMB,9,96.23020823279465,7.76482629776001,12
18,MVRR_AMB,10,80.26945646258382,0.5140411853790283,12
18,MVRR_AMB,11,81.69492294015147,7.300406455993652,12
18,MVRR_AMB,12,95.00561858023924,2.405814230442047,12
18,MVRR_UAMB,1,,0.0,14
18,MVRR_UAMB,2,,13.881799697875977,14
18,MVRR_UAMB,3,,9.233612060546875,14
18,MVRR_UAMB,4,,3.9788031578063965,14
18,MVRR_UAMB,5,92.24570307447453,9.48749828338623,14
18,MVRR_UAMB,6,80.67293838404518,0.6406891942024231,14
18,MVRR_UAMB,7,82.71030233537033,4.922774314880371,14
18,MVRR_UAMB,8,97.49051716233456,9.307324409484863,14
18,MVRR_UAMB,9,98.55904800114307,14.294939041137695,14
18,MVRR_UAMB,10,108.45296280182686,6.354697227478027,14
18,MVRR_UAMB,11,96.38069712619503,7.710586071014404,14
18,MVRR_UAMB,12,80.92134109891089,0.518889844417572,14
18,MVRR_UAMB,13,82.26053689495612,7.654005527496338,14
18,MVRR_UAMB,14,95.53892750748219,2.480282425880432,14
18,NPS_AMB,1,,0.0,12
18,NPS_AMB,2,,13.881789207458496,12
18,NPS_AMB,3,,14.01093578338623,12
18,NPS_AMB,4,,2.6168124675750732,12
18,NPS_AMB,5,97.64760860248776,13.416668891906738,12
18,NPS_AMB,6,97.27380527251717,11.06440544128418,12
18,NPS_AMB,7,94.48217133440062,16.859682083129883,12
18,NPS_AMB,8,104.13352434191503,6.839733600616455,12
18,NPS_AMB,9,92.02179393249772,6.677711486816406,12
18,NPS_AMB,10,79.4065240404387,0.5584433674812317,12
18,NPS_AMB,11,82.00944134805255,7.0418243408203125,12
18,NPS_AMB,12,94.67686062631796,2.2091310024261475,12
18,NPS_UAMB,1,,0.0,13
18,NPS_UAMB,2,,13.881799697875977,13
18,NPS_UAMB,3,,14.010920524597168,13
18,NPS_UAMB,4,,1.8673810958862305,13
18,NPS_UAMB,5,76.12603265086824,2.2397265434265137,13
18,NPS_UAMB,6,86.30771085025236,12.029230117797852,13
18,NPS_UAMB,7,95.22879424419241,10.516347885131836,13
18,NPS_UAMB,8,96.95195085608492,16.436017990112305,13
18,NPS_UAMB,9,105.52686144850153,6.545186519622803,13
18,NPS_UAMB,10,93.02568526037001,6.536850929260254,13
18,NPS_UAMB,11,80.04304179071808,0.5738015174865723,13
18,NPS_UAMB,12,81.59956125465236,6.655654430389404,13
18,NPS_UAMB,13,93.77520952314535,2.176731765270233,13
18,NPZ_AMB,1,,0.0,15
18,NPZ_AMB,2,,3.2443857192993164,15
18,NPZ_AMB,3,,11.360286712646484,15
18,NPZ_AMB,4,,13.216527938842773,15
18,NPZ_AMB,5,83.62170186596211,3.213689088821411,15
18,NPZ_AMB,6,99.37173576197782,9.424860954284668,15
18,NPZ_AMB,7,99.7057001414087,13.095488548278809,15
18,NPZ_AMB,8,97.59344051924883,20.352327346801758,15
18,NPZ_AMB,9,105.79709409417819,5.646370887756348,15
18,NPZ_AMB,10,86.395868226091,0.8009405136108398,15
18,NPZ_AMB,11,75.23346679481826,2.4587271213531494,15
18,NPZ_AMB,12,86.38505508822914,9.331622123718262,15
18,NPZ_AMB,13,86.94936042759187,3.5507936477661133,15
18,NPZ_AMB,14,69.40823027550437,1.2114362716674805,15
18,NPZ_AMB,15,77.03322604125779,10.756774425506592,15
18,NPZ_UAMB,1,,0.0,15
18,NPZ_UAMB,2,,3.2443857192993164,15
18,NPZ_UAMB,3,,11.360286712646484,15
18,NPZ_UAMB,4,,21.30111789703369,15
18,NPZ_UAMB,5,75.54740531306405,3.591977119445801,15
18,NPZ_UAMB,6,92.4834504592912,12.460870742797852,15
18,NPZ_UAMB,7,95.17485458034862,10.390766143798828,15
18,NPZ_UAMB,8,95.84357854518971,14.431276321411133,15
18,NPZ_UAMB,9,103.9730477635908,6.02168083190918,15
18,NPZ_UAMB,10,85.77510147270358,0.6581608653068542,15
18,NPZ_UAMB,11,73.50740722469287,2.506502628326416,15
18,NPZ_UAMB,12,85.37656257687331,9.237409591674805,15
18,NPZ_UAMB,13,86.44026312157612,4.025832653045654,15
18,NPZ_UAMB,14,68.70350931255625,1.1994270086288452,15
18,NPZ_UAMB,15,77.84065926387606,7.307767987251282,15
19,MVRR_AMB,1,,0.0,12
19,MVRR_AMB,2,,13.461556434631348,12
19,MVRR_AMB,3,,9.300361633300781,12
19,MVRR_AMB,4,,4.786908149719238,12
19,MVRR_AMB,5,93.33208843253682,3.6714894771575928,12
19,MVRR_AMB,6,103.23470554000457,16.28764533996582,12
19,MVRR_AMB,7,90.02056772013188,11.03877067565918,12
19,MVRR_AMB,8,93.59348620921517,12.001363754272461,12
19,MVRR_AMB,9,87.06551787979078,10.629406929016113,12
19,MVRR_AMB,10,81.36471430877681,2.9429330825805664,12
19,MVRR_AMB,11,61.76931747245862,0.673284113407135,12
19,MVRR_AMB,12,75.15437188855371,8.804962277412415,12
19,MVRR_UAMB,1,,0.0,14
19,MVRR_UAMB,2,,13.461573600769043,14
19,MVRR_UAMB,3,,5.831788539886475,14
19,MVRR_UAMB,4,,2.4013524055480957,14
19,MVRR_UAMB,5,88.91291115545799,9.891996383666992,14
19,MVRR_UAMB,6,83.74159031668376,3.913635730743408,14
19,MVRR_UAMB,7,81.94081646075165,3.4441545009613037,14
19,MVRR_UAMB,8,105.01513157729933,10.134893417358398,14
19,MVRR_UAMB,9,91.05561419178247,14.15578556060791,14
19,MVRR_UAMB,10,94.82088279576877,11.539321899414062,14
19,MVRR_UAMB,11,86.53530192130219,10.3777437210083,14
19,MVRR_UAMB,12,81.39061586459853,2.5251309871673584,14
19,MVRR_UAMB,13,61.95127800025318,0.7214616537094116,14
19,MVRR_UAMB,14,74.93911462112779,8.697564125061035,14
19,NPS_AMB,1,,0.0,12
19,NPS_AMB,2,,13.461556434631348,12
19,NPS_AMB,3,,7.872713088989258,12
19,NPS_AMB,4,,4.993377208709717,12
19,NPS_AMB,5,92.22059144646394,8.198974609375,12
19,NPS_AMB,6,98.62182256618661,10.313011169433594,12
19,NPS_AMB,7,91.08356436420524,13.462139129638672,12
19,NPS_AMB,8,90.59651826646187,11.13272476196289,12
19,NPS_AMB,9,98.20994129857976,5.897287845611572,12
19,NPS_AMB,10,97.04669947863339,0.08016368001699448,12
19,NPS_AMB,11,91.65416156401123,6.615790843963623,12
19,NPS_AMB,12,84.28943846749821,8.470093011856079,12
19,NPS_UAMB,1,,0.0,13
19,NPS_UAMB,2,,13.461573600769043,13
19,NPS_UAMB,3,,7.87268590927124,13
19,NPS_UAMB,4,,1.8348331451416016,13
19,NPS_UAMB,5,71.10510327171983,3.2026801109313965,13
19,NPS_UAMB,6,83.76701407122343,6.939670085906982,13
19,NPS_UAMB,7,95.28612279791149,9.314651489257812,13
19,NPS_UAMB,8,89.80327887378252,13.673661231994629,13
19,NPS_UAMB,9,91.52614017445514,10.803754806518555,13
19,NPS_UAMB,10,98.05368907560134,5.8690714836120605,13
19,NPS_UAMB,11,97.19592731694176,0.073363296687603,13
19,NPS_UAMB,12,91.76979506681813,6.482903957366943,13
19,NPS_UAMB,13,84.60385421726156,8.530696392059326,13
19,NPZ_AMB,1,,0.0,13
19,NPZ_AMB,2,,3.6803536415100098,13
19,NPZ_AMB,3,,13.29930591583252,13
19,NPZ_AMB,4,,10.847084999084473,13
19,NPZ_AMB,5,81.92262894115399,3.376673698425293,13
19,NPZ_AMB,6,95.6705457073153,10.171250343322754,13
19,NPZ_AMB,7,96.66091976743897,16.821414947509766,13
19,NPZ_AMB,8,89.39709520814338,13.397805213928223,13
19,NPZ_AMB,9,92.27046385250907,11.477492332458496,13
19,NPZ_AMB,10,96.70153065181206,5.779688835144043,13
19,NPZ_AMB,11,96.77692183012287,0.06648949533700943,13
19,NPZ_AMB,12,90.96672229184479,5.656663417816162,13
19,NPZ_AMB,13,83.84844678999976,8.012930870056152,13
19,NPZ_UAMB,1,,0.0,13
19,NPZ_UAMB,2,,3.6803536415100098,13
19,NPZ_UAMB,3,,13.29930591583252,13
19,NPZ_UAMB,4,,15.16664171218872,13
19,NPZ_UAMB,5,65.14697409414276,2.1758503913879395,13
19,NPZ_UAMB,6,93.90252460143972,8.818849563598633,13
19,NPZ_UAMB,7,94.95615286586973,7.323565483093262,13
19,NPZ_UAMB,8,91.75576060109269,13.48648452758789,13
19,NPZ_UAMB,9,91.05580350263367,11.25009536743164,13
19,NPZ_UAMB,10,96.56597718019444,5.449801445007324,13
19,NPZ_UAMB,11,95.94260069081186,0.06678754836320877,13
19,NPZ_UAMB,12,90.27009083481747,4.870772838592529,13
19,NPZ_UAMB,13,83.4781693263936,7.775147199630737,13
20,MVRR_AMB,1,,0.0,12
20,MVRR_AMB,2,,14.4874267578125,12
20,MVRR_AMB,3,,12.129478454589844,12
20,MVRR_AMB,4,,2.074505567550659,12
20,MVRR_AMB,5,94.95774178618896,9.586089134216309,12
20,MVRR_AMB,6,96.30163743987208,14.051010131835938,12
20,MVRR_AMB,7,81.83391848527751,5.552933216094971,12
20,MVRR_AMB,8,92.27236191958544,11.329317092895508,12
20,MVRR_AMB,9,92.5347614449018,5.317824840545654,12
20,MVRR_AMB,10,58.99680857038772,2.117460250854492,12
20,MVRR_AMB,11,78.44770720195704,10.929523468017578,12
20,MVRR_AMB,12,87.90499085653374,10.841349840164185,12
20,MVRR_UAMB,1,,0.0,14
20,MVRR_UAMB,2,,14.48745346069336,14
20,MVRR_UAMB,3,,6.597203731536865,14
20,MVRR_UAMB,4,,4.152160167694092,14
20,MVRR_UAMB,5,87.77763130276047,9.176060676574707,14
20,MVRR_UAMB,6,88.07271551062513,10.451148986816406,14
20,MVRR_UAMB,7,85.36268600050235,11.435011863708496,14
20,MVRR_UAMB,8,100.67978479938729,9.836599349975586,14
20,MVRR_UAMB,9,83.81826910498698,4.895715713500977,14
20,MVRR_UAMB,10,93.34590787855593,11.859236717224121,14
20,MVRR_UAMB,11,91.15296379526805,4.879617691040039,14
20,MVRR_UAMB,12,59.79449494562722,1.516052007675171,14
20,MVRR_UAMB,13,78.41707218480246,12.112030982971191,14
20,MVRR_UAMB,14,88.00162063025086,9.72922945022583,14
20,NPS_AMB,1,,0.0,12
20,NPS_AMB,2,,14.4874267578125,12
20,NPS_AMB,3,,13.696990966796875,12
20,NPS_AMB,4,,2.363372564315796,12
20,NPS_AMB,5,90.78934161753433,10.067828178405762,12
20,NPS_AMB,6,93.57273543252937,10.315274238586426,12
20,NPS_AMB,7,82.30114157064645,6.489533424377441,12
20,NPS_AMB,8,90.78488354651681,11.676838874816895,12
20,NPS_AMB,9,104.42485868156146,10.157696723937988,12
20,NPS_AMB,10,79.46788011948229,5.130295276641846,12
20,NPS_AMB,11,93.28674754427801,0.5422115325927734,12
20,NPS_AMB,12,89.22144368148325,1.4570352244190872,12
20,NPS_UAMB,1,,0.0,13
20,NPS_UAMB,2,,14.48745346069336,13
20,NPS_UAMB,3,,13.69701099395752,13
20,NPS_UAMB,4,,1.8241822719573975,13
20,NPS_UAMB,5,71.68064382085386,1.6191315650939941,13
20,NPS_UAMB,6,85.10015118768841,8.702099800109863,13
20,NPS_UAMB,7,94.15045660109132,8.9036283493042,13
20,NPS_UAMB,8,83.93019940695186,6.254337787628174,13
20,NPS_UAMB,9,90.90170216692135,11.558329582214355,13
20,NPS_UAMB,10,103.86091820192826,10.048619270324707,13
20,NPS_UAMB,11,79.34712494136696,4.806500434875488,13
20,NPS_UAMB,12,93.10960929799197,0.39907461404800415,13
20,NPS_UAMB,13,87.844931129631,1.5665808547055349,13
20,NPZ_AMB,1,,0.0,12
20,NPZ_AMB,2,,4.093420028686523,12
20,NPZ_AMB,3,,11.97690200805664,12
20,NPZ_AMB,4,,10.550009727478027,12
20,NPZ_AMB,5,89.89012993440542,3.7245843410491943,12
20,NPZ_AMB,6,94.4345005558958,5.75646448135376,12
20,NPZ_AMB,7,99.1343454153085,12.900188446044922,12
20,NPZ_AMB,8,78.69638256564893,5.652693271636963,12
20,NPZ_AMB,9,90.4009110862282,12.207195281982422,12
20,NPZ_AMB,10,100.08164821357693,7.624028205871582,12
20,NPZ_AMB,11,79.9944056959994,2.7760860919952393,12
20,NPZ_AMB,12,93.64817011456293,12.035022020339966,12
20,NPZ_UAMB,1,,0.0,12
20,NPZ_UAMB,2,,4.093421459197998,12
20,NPZ_UAMB,3,,11.976917266845703,12
20,NPZ_UAMB,4,,13.010396003723145,12
20,NPZ_UAMB,5,62.84782247142009,1.5643495321273804,12
20,NPZ_UAMB,6,91.8890038486984,8.027981758117676,12
20,NPZ_UAMB,7,90.79170563302016,6.232480049133301,12
20,NPZ_UAMB,8,79.91249208801545,5.573187351226807,12
20,NPZ_UAMB,9,89.418330539914,12.540218353271484,12
20,NPZ_UAMB,10,96.53802833406843,7.455254554748535,12
20,NPZ_UAMB,11,78.7607662552926,2.0002493858337402,12
20,NPZ_UAMB,12,92.89769788912145,12.370628356933594,12
21,MVRR_AMB,1,,0.0,12
21,MVRR_AMB,2,,17.229236602783203,12
21,MVRR_AMB,3,,13.667337417602539,12
21,MVRR_AMB,4,,2.4768497943878174,12
21,MVRR_AMB,5,110.4013772999139,11.74079418182373,12
21,MVRR_AMB,6,101.21660577148936,19.229265213012695,12
21,MVRR_AMB,7,80.43533030401777,9.231488227844238,12
21,MVRR_AMB,8,84.84568245176106,1.6790177822113037,12
21,MVRR_AMB,9,79.65237320055245,6.2667622566223145,12
21,MVRR_AMB,10,61.89500968658931,3.7339394092559814,12
21,MVRR_AMB,11,75.34419666518973,8.026182174682617,12
21,MVRR_AMB,12,81.48163371953494,12.389706134796143,12
21,MVRR_UAMB,1,,0.0,14
21,MVRR_UAMB,2,,17.229265213012695,14
21,MVRR_UAMB,3,,6.211447715759277,14
21,MVRR_UAMB,4,,4.0545430183410645,14
21,MVRR_UAMB,5,92.274736038415,10.32019329071045,14
21,MVRR_UAMB,6,84.61740661467535,2.6252927780151367,14
21,MVRR_UAMB,7,91.82730039003621,10.826610565185547,14
21,MVRR_UAMB,8,102.09219076333127,19.011493682861328,14
21,MVRR_UAMB,9,82.2825116733142,9.153299331665039,14
21,MVRR_UAMB,10,87.52583457052216,1.5239704847335815,14
21,MVRR_UAMB,11,80.54190655626381,6.813613414764404,14
21,MVRR_UAMB,12,62.73035218970389,4.180741786956787,14
21,MVRR_UAMB,13,76.05999723776632,7.67891263961792,14
21,MVRR_UAMB,14,82.3526230948803,13.335378646850586,14
21,NPS_AMB,1,,0.0,13
21,NPS_AMB,2,,17.229265213012695,13
21,NPS_AMB,3,,10.355376243591309,13
21,NPS_AMB,4,,3.512230634689331,13
21,NPS_AMB,5,116.83019961321102,10.385225296020508,13
21,NPS_AMB,6,98.87009520154253,17.46031379699707,13
21,NPS_AMB,7,83.04308876222088,9.623123168945312,13
21,NPS_AMB,8,83.41359588298225,1.9036712646484375,13
21,NPS_AMB,9,80.40907488934451,5.443877696990967,13
21,NPS_AMB,10,61.96697800138407,4.368281841278076,13
21,NPS_AMB,11,81.96277898926276,6.269778728485107,13
21,NPS_AMB,12,84.21519745339346,9.569503784179688,13
21,NPS_AMB,13,99.63652472809608,12.23178744316101,13
21,NPS_UAMB,1,,0.0,14
21,NPS_UAMB,2,,17.229265213012695,14
21,NPS_UAMB,3,,10.355376243591309,14
21,NPS_UAMB,4,,2.894656181335449,14
21,NPS_UAMB,5,78.32756947992533,3.2846810817718506,14
21,NPS_UAMB,6,95.18148720518845,10.891729354858398,14
21,NPS_UAMB,7,97.8395573089243,15.800859451293945,14
21,NPS_UAMB,8,79.72281205264484,10.163010597229004,14
21,NPS_UAMB,9,83.32603794632007,1.9757046699523926,14
21,NPS_UAMB,10,79.73368660576534,5.226618766784668,14
21,NPS_UAMB,11,62.152156679530684,4.549821376800537,14
21,NPS_UAMB,12,82.20414599424645,5.638159275054932,14
21,NPS_UAMB,13,84.20459316726092,9.661892890930176,14
21,NPS_UAMB,14,99.40332367910966,12.10962200164795,14
21,NPZ_AMB,1,,0.0,16
21,NPZ_AMB,2,,4.093421459197998,16
21,NPZ_AMB,3,,15.85949420928955,16
21,NPZ_AMB,4,,8.70713996887207,16
21,NPZ_AMB,5,85.12226896899672,5.404900074005127,16
21,NPZ_AMB,6,117.73100919349335,7.683394908905029,16
21,NPZ_AMB,7,99.80376505782945,21.53335952758789,16
21,NPZ_AMB,8,77.96995742077152,8.057600021362305,16
21,NPZ_AMB,9,85.86873472652285,3.3472769260406494,16
21,NPZ_AMB,10,80.58192438184712,6.665219306945801,16
21,NPZ_AMB,11,62.41363436154359,4.446345806121826,16
21,NPZ_AMB,12,89.47266707850615,8.926036834716797,16
21,NPZ_AMB,13,80.7043743374723,6.570660591125488,16
21,NPZ_AMB,14,72.40044032106731,2.8084826469421387,16
21,NPZ_AMB,15,77.19149235239136,8.313821792602539,16
21,NPZ_AMB,16,82.69162618245528,9.928579330444336,16
21,NPZ_UAMB,1,,0.0,16
21,NPZ_UAMB,2,,4.093421459197998,16
21,NPZ_UAMB,3,,15.85949420928955,16
21,NPZ_UAMB,4,,13.185050964355469,16
21,NPZ_UAMB,5,64.98669746419553,2.7017555236816406,16
21,NPZ_UAMB,6,113.7838103693269,10.045568466186523,16
21,NPZ_UAMB,7,96.8022340390433,14.24758243560791,16
21,NPZ_UAMB,8,78.36289568783715,8.434764862060547,16
21,NPZ_UAMB,9,83.52714224551119,2.0453732013702393,16
21,NPZ_UAMB,10,78.28508442258317,5.643799304962158,16
21,NPZ_UAMB,11,61.3543337321771,4.704821586608887,16
21,NPZ_UAMB,12,88.28490718149307,8.812095642089844,16
21,NPZ_UAMB,13,80.05089288102032,6.661679744720459,16
21,NPZ_UAMB,14,71.47057932203909,2.7246735095977783,16
21,NPZ_UAMB,15,76.56269489628696,7.948421478271484,16
21,NPZ_UAMB,16,82.40214465295864,9.450108647346497,16
22,MVRR_AMB,1,,0.0,12
22,MVRR_AMB,2,,16.857379913330078,12
22,MVRR_AMB,3,,12.075400352478027,12
22,MVRR_AMB,4,,3.748135566711426,12
22,MVRR_AMB,5,86.57654511528784,4.845938682556152,12
22,MVRR_AMB,6,89.87499423496018,19.080081939697266,12
22,MVRR_AMB,7,81.12935352436818,8.897831916809082,12
22,MVRR_AMB,8,88.97536697556087,3.688129425048828,12
22,MVRR_AMB,9,79.79030180955021,11.492963790893555,12
22,MVRR_AMB,10,91.75118796064137,13.041609764099121,12
22,MVRR_AMB,11,88.31239862227535,2.1564807891845703,12
22,MVRR_AMB,12,89.74350291441421,4.124516606330872,12
22,MVRR_UAMB,1,,0.0,14
22,MVRR_UAMB,2,,16.857379913330078,14
22,MVRR_UAMB,3,,3.897542953491211,14
22,MVRR_UAMB,4,,3.8172171115875244,14
22,MVRR_UAMB,5,93.09835664588081,10.718539237976074,14
22,MVRR_UAMB,6,86.60916843573418,4.542244911193848,14
22,MVRR_UAMB,7,77.06595604028934,5.042689323425293,14
22,MVRR_UAMB,8,89.47864148401442,11.019587516784668,14
22,MVRR_UAMB,9,84.05168924000807,9.549041748046875,14
22,MVRR_UAMB,10,90.30863919576582,4.2344489097595215,14
22,MVRR_UAMB,11,82.1600015136977,11.207011222839355,14
22,MVRR_UAMB,12,92.154900804697,12.35761547088623,14
22,MVRR_UAMB,13,87.74769101915429,1.860690951347351,14
22,MVRR_UAMB,14,90.20278579189556,3.8662805557250977,14
22,NPS_AMB,1,,0.0,14
22,NPS_AMB,2,,16.857379913330078,14
22,NPS_AMB,3,,10.578872680664062,14
22,NPS_AMB,4,,3.979581594467163,14
22,NPS_AMB,5,96.05931483930115,10.464167594909668,14
22,NPS_AMB,6,95.57515843887663,11.698476791381836,14
22,NPS_AMB,7,79.98903866942518,9.183795928955078,14
22,NPS_AMB,8,84.71319096119157,3.159822702407837,14
22,NPS_AMB,9,78.19775930710755,1.2933402061462402,14
22,NPS_AMB,10,80.76981534537828,3.1452481746673584,14
22,NPS_AMB,11,66.01150072134885,3.4173264503479004,14
22,NPS_AMB,12,76.00680641345477,7.530665397644043,14
22,NPS_AMB,13,89.32213638366593,8.308066368103027,14
22,NPS_AMB,14,97.80471660786536,12.335290248971432,14
22,NPS_UAMB,1,,0.0,15
22,NPS_UAMB,2,,16.857379913330078,15
22,NPS_UAMB,3,,10.578872680664062,15
22,NPS_UAMB,4,,1.4510126113891602,15
22,NPS_UAMB,5,73.68349213618235,3.6348767280578613,15
22,NPS_UAMB,6,81.62256320795977,9.043600082397461,15
22,NPS_UAMB,7,91.82382636928544,11.199061393737793,15
22,NPS_UAMB,8,78.51748491181851,9.211380958557129,15
22,NPS_UAMB,9,85.05456520048052,3.7705206871032715,15
22,NPS_UAMB,10,79.01352036470993,1.2320373058319092,15
22,NPS_UAMB,11,81.42195505865739,2.986987829208374,15
22,NPS_UAMB,12,66.06123768597962,3.4848790168762207,15
22,NPS_UAMB,13,76.54937606562852,7.832984924316406,15
22,NPS_UAMB,14,89.06874582328088,7.22492790222168,15
22,NPS_UAMB,15,97.98565691132197,11.988536403514445,15
22,NPZ_AMB,1,,0.0,16
22,NPZ_AMB,2,,3.3445513248443604,16
22,NPZ_AMB,3,,17.588298797607422,16
22,NPZ_AMB,4,,9.183055877685547,16
22,NPZ_AMB,5,88.21370851921492,2.4399828910827637,16
22,NPZ_AMB,6,90.86246001350416,7.53464937210083,16
22,NPZ_AMB,7,97.8462282201391,16.933916091918945,16
22,NPZ_AMB,8,80.38038860573225,8.558782577514648,16
22,NPZ_AMB,9,91.11584882292097,11.858016967773438,16
22,NPZ_AMB,10,81.16450554434351,4.663037300109863,16
22,NPZ_AMB,11,89.02035904102057,7.564969062805176,16
22,NPZ_AMB,12,83.3757126979963,11.63866138458252,16
22,NPZ_AMB,13,89.991173028143,2.991471290588379,16
22,NPZ_AMB,14,84.47853545208999,4.857860088348389,16
22,NPZ_AMB,15,70.63510681237074,3.0471346378326416,16
22,NPZ_AMB,16,84.70619531148795,1.103549286723137,16
22,NPZ_UAMB,1,,0.0,16
22,NPZ_UAMB,2,,3.3445513248443604,16
22,NPZ_UAMB,3,,17.588298797607422,16
22,NPZ_UAMB,4,,11.470648288726807,16
22,NPZ_UAMB,5,63.85977857310878,2.2037081718444824,16
22,NPZ_UAMB,6,91.87724587438649,10.555119514465332,16
22,NPZ_UAMB,7,90.59483260097738,7.902713775634766,16
22,NPZ_UAMB,8,77.50078362683675,7.274713516235352,16
22,NPZ_UAMB,9,89.29035378392955,12.256720542907715,16
22,NPZ_UAMB,10,79.76316395295225,4.79524040222168,16
22,NPZ_UAMB,11,87.24438722137785,7.604925632476807,16
22,NPZ_UAMB,12,82.43093816811252,11.711814880371094,16
22,NPZ_UAMB,13,89.2055320013795,2.4752073287963867,16
22,NPZ_UAMB,14,84.22160940516167,5.006215572357178,16
22,NPZ_UAMB,15,70.22779596437029,3.156856060028076,16
22,NPZ_UAMB,16,85.30989352511239,0.8181679099798203,16
23,MVRR_AMB,1,,0.0,12
23,MVRR_AMB,2,,8.364266395568848,12
23,MVRR_AMB,3,,15.440783500671387,12
23,MVRR_AMB,4,,12.083832740783691,12
23,MVRR_AMB,5,81.97434663362884,3.8913235664367676,12
23,MVRR_AMB,6,101.17968805110114,5.580759525299072,12
23,MVRR_AMB,7,94.66169036543606,21.25069236755371,12
23,MVRR_AMB,8,89.76759410719396,18.36748504638672,12
23,MVRR_AMB,9,97.2255823362247,13.94231128692627,12
23,MVRR_AMB,10,100.41647213331547,2.7971088886260986,12
23,MVRR_AMB,11,92.48876722896097,14.277531623840332,12
23,MVRR_AMB,12,88.88768263539785,7.743310213088989,12
23,MVRR_UAMB,1,,0.0,14
23,MVRR_UAMB,2,,8.364288330078125,14
23,MVRR_UAMB,3,,15.4407958984375,14
23,MVRR_UAMB,4,,6.879793167114258,14
23,MVRR_UAMB,5,76.86263607426504,4.044256210327148,14
23,MVRR_UAMB,6,88.9647629943745,9.055920600891113,14
23,MVRR_UAMB,7,84.38535229012895,0.8195157051086426,14
23,MVRR_UAMB,8,86.74996354020023,9.369869232177734,14
23,MVRR_UAMB,9,98.43767048213101,24.123886108398438,14
23,MVRR_UAMB,10,92.69227839634769,20.18514060974121,14
23,MVRR_UAMB,11,96.51842766036638,10.466080665588379,14
23,MVRR_UAMB,12,104.91215699952325,0.8890098929405212,14
23,MVRR_UAMB,13,96.73454900019715,12.856770515441895,14
23,MVRR_UAMB,14,88.4823317154843,6.93810510635376,14
23,NPS_AMB,1,,0.0,12
23,NPS_AMB,2,,8.364266395568848,12
23,NPS_AMB,3,,15.440783500671387,12
23,NPS_AMB,4,,11.760196685791016,12
23,NPS_AMB,5,86.1437963630204,3.2824418544769287,12
23,NPS_AMB,6,102.35831345280677,4.757608890533447,12
23,NPS_AMB,7,96.41804204864066,18.024274826049805,12
23,NPS_AMB,8,94.10437638946806,17.91283416748047,12
23,NPS_AMB,9,95.28134755145308,7.837245464324951,12
23,NPS_AMB,10,104.97936013919148,0.7281829118728638,12
23,NPS_AMB,11,97.37662738375563,12.778494834899902,12
23,NPS_AMB,12,89.20622735389925,7.0605621337890625,12
23,NPS_UAMB,1,,0.0,13
23,NPS_UAMB,2,,8.364288330078125,13
23,NPS_UAMB,3,,15.4407958984375,13
23,NPS_UAMB,4,,11.760214805603027,13
23,NPS_UAMB,5,75.79786334515443,1.8327494859695435,13
23,NPS_UAMB,6,72.85083751920021,2.6557042598724365,13
23,NPS_UAMB,7,83.4525706879791,5.113494396209717,13
23,NPS_UAMB,8,91.92332532288289,17.426488876342773,13
23,NPS_UAMB,9,94.12919306835529,18.332477569580078,13
23,NPS_UAMB,10,93.92811801139153,7.972932815551758,13
23,NPS_UAMB,11,105.08121238589318,0.5922824740409851,13
23,NPS_UAMB,12,97.23396785495733,12.915620803833008,13
23,NPS_UAMB,13,88.88371936344848,6.259716033935547,13
23,NPZ_AMB,1,,0.0,13
23,NPZ_AMB,2,,4.093421459197998,13
23,NPZ_AMB,3,,8.115315437316895,13
23,NPZ_AMB,4,,13.056103706359863,13
23,NPZ_AMB,5,96.66420944495127,7.722414493560791,13
23,NPZ_AMB,6,82.18749209468494,5.002776145935059,13
23,NPZ_AMB,7,106.848318775792,5.713327884674072,13
23,NPZ_AMB,8,97.97841898524553,20.234350204467773,13
23,NPZ_AMB,9,92.2379202365594,20.109683990478516,13
23,NPZ_AMB,10,97.17631469340787,9.380815505981445,13
23,NPZ_AMB,11,102.77168291823193,0.9128771424293518,13
23,NPZ_AMB,12,96.55562686093255,13.319313049316406,13
23,NPZ_AMB,13,87.46952458998321,7.278685688972473,13
23,NPZ_UAMB,1,,0.0,13
23,NPZ_UAMB,2,,4.093421459197998,13
23,NPZ_UAMB,3,,8.115315437316895,13
23,NPZ_UAMB,4,,13.056103706359863,13
23,NPZ_UAMB,5,95.9121096082491,10.894238471984863,13
23,NPZ_UAMB,6,65.53969854867788,3.3300209045410156,13
23,NPZ_UAMB,7,100.12550269814655,6.003161907196045,13
23,NPZ_UAMB,8,91.62487811529417,15.574470520019531,13
23,NPZ_UAMB,9,92.56339579736789,21.996822357177734,13
23,NPZ_UAMB,10,94.39058725239855,8.174602508544922,13
23,NPZ_UAMB,11,102.50934301798185,1.0785242319107056,13
23,NPZ_UAMB,12,96.77260208341735,13.3898286819458,13
23,NPZ_UAMB,13,87.27043961095266,5.653364777565002,13
24,MVRR_AMB,1,,0.0,13
24,MVRR_AMB,2,,17.567319869995117,13
24,MVRR_AMB,3,,11.187934875488281,13
24,MVRR_AMB,4,,13.146337509155273,13
24,MVRR_AMB,5,78.6041191259768,3.115339756011963,13
24,MVRR_AMB,6,111.87951706974935,10.683452606201172,13
24,MVRR_AMB,7,102.43114880594429,16.189197540283203,13
24,MVRR_AMB,8,87.64118229832464,12.492735862731934,13
24,MVRR_AMB,9,103.72737106987528,3.955699920654297,13
24,MVRR_AMB,10,98.77030200952507,9.282624244689941,13
24,MVRR_AMB,11,80.72260705235804,3.0557076930999756,13
24,MVRR_AMB,12,88.22123474979297,7.830412864685059,13
24,MVRR_AMB,13,86.46000280824444,10.076004028320312,13
24,MVRR_UAMB,1,,0.0,15
24,MVRR_UAMB,2,,17.567319869995117,15
24,MVRR_UAMB,3,,11.187923431396484,15
24,MVRR_UAMB,4,,5.633049488067627,15
24,MVRR_UAMB,5,72.1408799296604,4.3057074546813965,15
24,MVRR_UAMB,6,90.41634410502998,8.464920997619629,15
24,MVRR_UAMB,7,82.67119237247485,3.488309621810913,15
24,MVRR_UAMB,8,92.13807170054625,11.411299705505371,15
24,MVRR_UAMB,9,101.10477858316467,13.839588165283203,15
24,MVRR_UAMB,10,91.12441196140554,12.861266136169434,15
24,MVRR_UAMB,11,103.32323836591577,3.662964105606079,15
24,MVRR_UAMB,12,98.74510602455952,8.866312980651855,15
24,MVRR_UAMB,13,80.08624142249656,2.3518929481506348,15
24,MVRR_UAMB,14,88.58913929584978,7.339127540588379,15
24,MVRR_UAMB,15,86.75066316422324,9.192659139633179,15
24,NPS_AMB,1,,0.0,14
24,NPS_AMB,2,,17.567319869995117,14
24,NPS_AMB,3,,11.187934875488281,14
24,NPS_AMB,4,,11.227935791015625,14
24,NPS_AMB,5,76.40283895231727,2.7214670181274414,14
24,NPS_AMB,6,112.6993562116598,9.502728462219238,14
24,NPS_AMB,7,102.64384292852976,13.78830337524414,14
24,NPS_AMB,8,88.41713915600312,11.380184173583984,14
24,NPS_AMB,9,104.62655766416161,4.314565658569336,14
24,NPS_AMB,10,99.13718305252958,8.027992248535156,14
24,NPS_AMB,11,78.94546430396404,2.769130229949951,14
24,NPS_AMB,12,101.93381781672367,10.272693634033203,14
24,NPS_AMB,13,105.53178093583641,5.916647434234619,14
24,NPS_AMB,14,99.29101025895996,4.421145558357239,14
24,NPS_UAMB,1,,0.0,15
24,NPS_UAMB,2,,17.567319869995117,15
24,NPS_UAMB,3,,11.187923431396484,15
24,NPS_UAMB,4,,11.227928161621094,15
24,NPS_UAMB,5,73.33248604310386,1.6046901941299438,15
24,NPS_UAMB,6,76.26976049072384,2.2467429637908936,15
24,NPS_UAMB,7,90.55002827809628,7.781042575836182,15
24,NPS_UAMB,8,99.03092369237572,11.378894805908203,15
24,NPS_UAMB,9,89.53971086868529,10.889128684997559,15
24,NPS_UAMB,10,103.93372392817473,4.4012322425842285,15
24,NPS_UAMB,11,98.91729364384875,7.361398696899414,15
24,NPS_UAMB,12,78.82262106965945,2.707339286804199,15
24,NPS_UAMB,13,102.46383280959341,9.390697479248047,15
24,NPS_UAMB,14,105.39877746832636,6.472036838531494,15
24,NPS_UAMB,15,99.23324285585589,4.501718163490295,15
24,NPZ_AMB,1,,0.0,14
24,NPZ_AMB,2,,3.692049264907837,14
24,NPZ_AMB,3,,16.177038192749023,14
24,NPZ_AMB,4,,14.44794750213623,14
24,NPZ_AMB,5,110.19520504532242,9.507038116455078,14
24,NPZ_AMB,6,77.99025604681863,4.482053279876709,14
24,NPZ_AMB,7,106.60616560384315,4.353695869445801,14
24,NPZ_AMB,8,98.47501845321457,17.474763870239258,14
24,NPZ_AMB,9,85.99805976757534,11.703665733337402,14
24,NPZ_AMB,10,103.18168198965158,3.7213079929351807,14
24,NPZ_AMB,11,99.47128298623873,9.607026100158691,14
24,NPZ_AMB,12,80.15130160240021,3.1204049587249756,14
24,NPZ_AMB,13,88.35429852649553,8.219250679016113,14
24,NPZ_AMB,14,86.33892658090984,10.719632625579834,14
24,NPZ_UAMB,1,,0.0,14
24,NPZ_UAMB,2,,3.692049264907837,14
24,NPZ_UAMB,3,,16.17707633972168,14
24,NPZ_UAMB,4,,14.447945594787598,14
24,NPZ_UAMB,5,117.41281952508659,12.443486452102661,14
24,NPZ_UAMB,6,64.78339866345829,2.435941457748413,14
24,NPZ_UAMB,7,109.93853156025081,7.29555082321167,14
24,NPZ_UAMB,8,96.88848652397965,10.133620262145996,14
24,NPZ_UAMB,9,85.79248662791356,11.454432487487793,14
24,NPZ_UAMB,10,102.550767393326,4.106625556945801,14
24,NPZ_UAMB,11,98.03494617458752,9.228150367736816,14
24,NPZ_UAMB,12,80.49859880436418,3.9415767192840576,14
24,NPZ_UAMB,13,87.12425632687228,8.225971221923828,14
24,NPZ_UAMB,14,85.9528947467127,11.092901706695557,14
