participant,n,beta,p
A117RW2F1MNBQ8,4971,0.004491216156020824,0.27146769752781125
A11AUVZ4MCA7VU,9815,0.004427979850632157,0.19091433348363138
A11C7PRG75IWO0,4841,0.000898950624595881,0.8568766348425015
A11GA4B4SEYK44,4028,0.0021878385139705164,0.6253002735835719
A11KMPAZSE5Q0Q,4973,0.0015791028892603205,0.6041765802456392
A127R5QI5OGBIK,4967,0.0027569318540707974,0.52330209477223
A12QOWM20FCN2Q,964,0.0003572013154992254,0.9656525383980934
A13YITU82HLBRK,4853,0.007564228600256014,0.065769326019485
A14N0AMVXOBZYH,4973,0.0020679238077803627,0.5595979544097188
A14SNQOYGXPZ7K,321,0.023936479699499063,0.1620343430810276
A14WWG6NKBDWGP,4239,0.005062970908044341,0.4994885842451111
A15QI1G4FCMV5E,4965,-0.0005420105244138065,0.8729681559556727
A1DQ7T6BB0VJDP,4858,0.007453248479020694,0.046065931083140686
A1E3RC5YPKVB4F,943,-0.001522615663904353,0.8861247603610828
A1FJ2AUFVA4PIW,4850,0.0033277862690313867,0.363250405841055
A1FNEVG87BS5K0,3901,5.8518394206442254e-05,0.9837532982707632
A1GAARR4GOOZCO,2963,0.004839222698090853,0.44241544583047476
A1H314LD953G5Q,4972,0.019991680484460286,0.00022223437385495345
A1INWCFGQI236V,4856,0.004921704361002421,0.1881085849282987
A1IWL4WQTKN1PR,4963,0.012698436341404055,0.0031407160319282274
A1J8TVICSRC70W,3918,0.00524814792789946,0.18036052093072008
A1JBTEJN14MFFA,4973,0.007095396440901437,0.009608322332650876
A1JGQHSSW8L24P,4857,0.0034065644197196175,0.5452767074245701
A1JY8OZHGDL9GR,4967,-0.006496902813630762,0.17305935789745033
A1LDS7FXQNGLEN,4974,-0.0024146455149282806,0.43239512022465204
A1M7SLIGEI3IH5,4853,0.020659783644947874,0.00037315529440769333
A1P8M5BKOTAA8I,1426,0.029627976997655986,0.040123900537684325
A1RCM1Y87J0FGW,4855,0.007068252218707449,0.06604141015128005
A1RE0RBV10VAVC,4949,0.008673737324338782,0.06799905094805113
A1RWNYJA5X25YH,4973,0.003432236643823139,0.2466439116970237
A1S8D4HVA9HI0X,3957,0.015988392537634573,0.0003089808095818726
A1SVVVJWT7H51V,3915,0.023404167051163657,2.195163029095876e-05
A1SYR0UUMZM2VH,4957,0.0019965687248319,0.6678275427246109
A1U1QL617G5DU3,4972,0.0002358072770765815,0.9485643212505682
A1VXGA62J77RO,9834,0.0029271037664782558,0.3361864622046513
A1W079WCHEQKX6,4959,0.0073227599407210825,0.1424444667221551
A1WNHQEMEHNCPT,4829,-0.005692031155600869,0.2703437081703895
A1WURYN1U64Y1T,4768,0.0025858147663959594,0.5074990280597987
A1WXZPUAXDE0DQ,4974,0.012700335092139848,0.00534122959506773
A2068Z6G94OAGH,3004,0.0023073481654716926,0.5940104112632876
A21L2ZM379FG7,4974,0.001958586122801708,0.6293215903170296
A21TTUZSQ5ZE6C,3918,0.023961022503074716,0.0027925444906634713
A23PSX2ZO4F65Q,4958,-0.0011041644607370747,0.7632024286731032
A253Q11TZPQPIZ,3909,-0.0043103781403380816,0.15316063259050444
A25OW5OQG4B8FR,4508,-2.5527221158578445e-05,0.9961364742527277
A26LA7PUZG0N8S,4970,0.007575943890076646,0.08667833858795083
A279TEENVAAZNB,3905,-0.0003431279445796744,0.9376325841310005
A289P9QG98HRAZ,3898,0.027827395392589875,4.3179056858953744e-05
A29FWCDRAWIM8K,3898,0.0027026320409160327,0.5801037300377828
A29Y6BVD19FBAE,4864,0.0002901929788012708,0.9196378655822437
A2AB80GWC0LU0P,4966,0.010331377499972118,0.007711051882490964
A2AEA24UF8Z47U,4854,0.006677550644503798,0.3277370375441891
A2BET78ZNEHNHE,993,0.014460431796130019,0.24132406086071054
A2BJ35SLVKCUL7,4944,0.006478763140786211,0.12317502073118117
A2BJELRJ9N4NA5,4849,0.002840057175036971,0.40663668923229224
A2BNOEYZ3VRW2R,4824,-0.012761407632307188,0.054855202876395004
A2DGJ8T7C3HMCQ,4966,0.01305901434065402,0.024240046871890568
A2EAIMII6MSIO5,4962,0.006104837434089459,0.2558047932577039
A2FZ90AHSTSHXA,3468,0.014641724877379629,0.029067009973348695
A2GNS1SQLQNMR2,4974,-0.002333102993367857,0.4428724054541756
A2HS4FQ4DR4GIK,4966,0.0031911590944148464,0.4946400145838163
A2I2OHYPL49ZAI,4962,0.005768439787499687,0.41433715435714535
A2I6WWFA5KE0MS,4807,0.010302997201063382,0.05738419271078271
A2JKCS6UCAUARS,3678,-0.0020388789730493434,0.7444448125249158
A2JRWVPVWD1KAS,9820,0.0029816360495672385,0.4019003705867905
A2L54KVSIY1GOM,735,-0.0009187998359011657,0.9431782871962512
A2L6GS9A2MMQK4,4924,-0.006156404686697911,0.1080305561862015
A2LFVSF501ZT5W,4861,-0.0028542155598049908,0.35955626424981313
A2LFX0LP92GLCQ,4963,0.002788189067152863,0.5328088516720527
A2MSCP411YP41Q,7956,0.004441021657885621,0.32511394500971713
A2MVFSJBKHUPH9,9832,0.0037383707137130543,0.09581500677954798
A2N5QS96KRPFVO,2015,0.011412028083843007,0.08716574148455841
A2NJGU26SOMOKV,4962,0.011590585235035065,0.0032227741731679967
A2O7F23PZP1T9B,3952,0.004279831192278545,0.49459085440476297
A2OIFE4TAQ7AEI,3956,0.0018722417793361756,0.644670383155749
A2PE5UDQ5WG2R0,3941,-0.00032803540434090533,0.9423182661330822
A2PURNW8W7L0LT,4861,0.015618705398145454,0.0017751523601925298
A2RPQGUWVZPX7U,4974,0.007932408731276003,0.0640747317508486
A2TG01V56PAL65,4964,0.0011143484522099234,0.7575428066801642
A2TJHKHM8T2SV3,9807,0.0017922380598284454,0.6171443518701251
A2U750ON775R3L,9840,0.004220024104680502,0.1458579450559706
A2UODR1DE3DXTT,4860,0.004531208706323599,0.26403281954955826
A2V1ZN7OXOH7J4,3884,-0.010997412907433295,0.03068901169713578
A2VAMUTJ9WGI4P,4864,-0.003906721070501669,0.1298645419425709
A2VCTDV17CKH2X,4935,0.006559999987045746,0.04043406951398671
A2XJRU950S5J87,4850,-0.001947610741720552,0.6618531166960117
A2XKIJJPWTOQ5Z,4972,0.01914942468906862,3.508520999197693e-05
A2XPQ8KYFKI6FD,4968,0.006331807315222128,0.11071279601020552
A2XYF4PPQETJYX,4857,0.015413246424522256,0.001166964357226925
A312SMYBQW6E0W,694,0.015874095756919768,0.21242201464977656
A32WFJGJ0VUKOO,4775,-0.0031682816796561007,0.4256320252261118
A33V10XAI3IWXS,4848,-0.011344356275902849,0.022346390280507347
A35QV79054LGTU,4968,0.0009447199813852059,0.8523653130809947
A36JU4ZU054BRK,4843,0.010594377246547732,0.02169785302745134
A36S7XIINCHR8R,4860,0.005037107501504164,0.3232850975969763
A36TOO4WWGEEPW,4971,0.010761811052898779,0.004730024488965823
A37I1ETWW49IZO,1087,0.027605192967495265,0.06296855873314681
A37PQ1206C9RZP,3907,0.01029716628965329,0.03460303357498366
A38NIARZOSEVUG,3937,0.0024331735612698885,0.6522054110582082
A38UOBWJF4WFGG,7969,0.014724226903289853,0.0003058872430407588
A39GZHNGT87G5N,4967,0.0019371456746429677,0.49650246580724594
A3AA8NU3WAJ3ED,2155,0.02452726820497649,0.0037723152528249823
A3ALSJWTGWPVN8,1221,0.005649756809794085,0.31732233937591875
A3BFHFBYDCCIGV,4758,0.0026509114677253573,0.519606850678065
A3CT5E0WZJL8PG,4618,0.025803064935703324,2.3250495215967323e-05
A3CWWX1NWA00S3,4839,0.005341598553599567,0.1946098407892868
A3EQVDHHKZRC0K,8796,0.009426035648179088,0.0007629113172067256
A3EZCOCQU4QNCO,2901,0.006785096827399965,0.22456197039038342
A3GLUDQZGEJL5G,4851,0.0008139847518335748,0.8337446577353173
A3GYYRNHP635XM,4861,-0.004775007514056611,0.3592622586914819
A3M0KT6KUJEZD1,4962,-0.0002685109206057336,0.958768639199024
A3NMC1E54BML7K,4930,0.0063005824771947775,0.19632945357161707
A3NOO9K3CY1YU5,7824,0.013638725231906734,2.0437042827220375e-05
A3O1NDWT4BXNX4,4862,-0.005906707425287486,0.258438975495624
A3OQ1JKWS02NMF,4958,-0.0020665172232866152,0.5968193295501315
A3P9YDDTO87QGZ,4849,0.00726734921496474,0.06406193434168081
A3QJPB0NZU5PY1,4970,0.008688252488277936,0.051288889248271366
A3RILJPBGAOWN4,4858,0.005230441740971727,0.2421746632563886
A3S3YW6II31OZV,9835,-0.005131321343529629,0.11327016622286286
A3S82OHUGFBR7L,3003,0.0011252570614319612,0.8544038031361263
A3SWH7DHWHP0BO,4972,0.002533908197336454,0.4977355805324157
A3T8CCUYDNT61C,4955,-0.0070244846198638765,0.2174874661130147
A3TK9CLBA65ZZE,3936,-0.0009423882863672656,0.7752944015999929
A3U3DA0O35IORB,4860,0.009688746331786693,0.054896210224287846
A3UDP95JGEX3H1,4969,0.003435509513727744,0.4261634295780539
A3ULFB0PQ1471E,4844,0.003702649022930101,0.4711858305044382
A40F6EHXE5HXU,4857,0.015950798130851568,0.00013580785866070853
A5E076UK5CA9J,3239,0.008427940521993374,0.2380182267131695
A5FJBKJ8K5I6S,4969,-0.007826580761575486,0.09722633507941394
A5U9HUMS31DIR,4856,0.021237049132710135,6.656307786648108e-06
A7LIT8S8LGRAH,9832,0.0049908418583689,0.2159844843641677
A7MOPEHSUGVQ,3890,0.0030482115243920006,0.5444457681656936
A7ZNPY1T3SX8I,942,0.00023196751720567545,0.9839760855500779
A8L4UTQ8RXDFS,4969,0.01751922042487305,1.4420013032482961e-05
A98XHW6B1VSSQ,2917,0.010598375082833402,0.013641427186527671
AA8O3Z9L0FSW1,4880,0.027677470857187608,3.2890964612853114e-06
ABMVPQ5CQFHGS,4864,0.0045989125696143315,0.2798494082844824
ACB0CSL0QMRGQ,3911,0.0008705061880482359,0.814776381434759
ACPUTK2MNMYHB,4853,-0.00661288567522272,0.09929749362018396
ACTW5YEWV9OR0,4967,0.015611496971151956,0.010612037715628053
ACUXGYJAQUZAE,9809,0.001550609943013261,0.5333597643771985
ACYV5TUADOWEA,3934,0.008411972834632558,0.012228764354366305
AER86HM7LU5G,4891,0.0023636496705429187,0.677206693463996
AEUGCBFJPU0MX,7938,0.013760876096695088,4.668321088005157e-05
AEX85SLEN727,4930,0.00222921940206864,0.6136071471571943
AHP7FGH4N2TX5,4863,0.01856364981854295,0.0007750807745111348
AJDL05304W8E,8470,0.0008830513615573873,0.8056323914468368
AK7YVYGMIF6T0,4972,-0.0009597291410133081,0.8002924382151289
AK9FN3FCOY9Q2,4973,0.0023130190574042926,0.7059961100688815
AKEZ83FQITFD8,5921,-0.00225523555593286,0.4459510201970217
ALE5RDP8XZL3,8822,0.0073013245993790825,0.001653087642176732
AM7UBKT777C3R,4799,0.010340021588082797,0.25067552397988113
AMYL22GHCON9A,4866,0.0038169291410963344,0.2824607236518776
ANC446SIU64J6,389,-0.006841272813162963,0.6725367652744757
ANDPWG91K8OEX,3623,0.003603778453964108,0.541147636212962
ANL7UI5ES4L18,4973,0.008812056032413342,0.07435723625273594
AO8HNJRGZQD0A,1843,0.023834766265894206,0.0019161134594897892
AOTSROWZG1XS1,7663,0.00985850252027368,0.012648691502125347
AOVB3KCIIJLRJ,3934,0.0001705730908708597,0.9807645162522762
AOZ06WXWI630,4968,0.008058285822317032,0.028368225149935117
AP0ABE3ZSEGPC,4853,-0.005479973783267596,0.219525988496726
ARGHS9P7FVR3W,4931,0.009836495164218714,0.0765574423504571
ARNTOT4L28BBP,4953,0.00565800878518205,0.128465748520274
ASOBUAZ0IQYSJ,3958,0.017028980312879846,0.010582562442498198
AVG2BI8CS5YKX,4844,0.008336698676002965,0.05995218910827029
AWMGC78CSF6YL,3773,0.007075480667907471,0.19511288473842836
AWZ3AH7JH0DRO,4847,-0.0009518265660850636,0.8123777428758392
AWZ83IBW10B96,4972,0.008760060394761082,0.0472383103090607
AY1ZVSTHEQDH8,3940,0.003985659296961191,0.4020432043282493
AZACM8ZW3MN8N,457,0.009117663943005061,0.6307644269492373
AZTDJC8RWO5C5,4973,0.008451942963644984,0.050562608232013556
